{
    "run_info": {
        "run_id": "SET5-R26-304E79",
        "graph_id": "GRAPH_20",
        "status": "SUCCESS",
        "total_ms": 956,
        "timestamp": "2026-02-04T13:06:46.958834"
    },
    "execution_trace": [
        {
            "step": 1,
            "block_id": "B_FILTER_00",
            "class": "Filter",
            "duration_ms": 29,
            "input": {
                "raw": 184.06118837309808
            },
            "output": {
                "raw": 197.24022752055632
            },
            "triggered_links": [
                "L_00_01"
            ]
        },
        {
            "step": 2,
            "block_id": "B_WRITEVAR_01",
            "class": "WriteVar",
            "duration_ms": 16,
            "input": {
                "raw": 197.24022752055632
            },
            "output": {
                "raw": 216.93902588422816
            },
            "triggered_links": [
                "L_01_02"
            ]
        },
        {
            "step": 3,
            "block_id": "B_FILTER_02",
            "class": "Filter",
            "duration_ms": 31,
            "input": {
                "raw": 216.93902588422816
            },
            "output": {
                "raw": 212.86702350801426
            },
            "triggered_links": [
                "L_02_03"
            ]
        },
        {
            "step": 4,
            "block_id": "B_MULTIPLY_03",
            "class": "Multiply",
            "duration_ms": 8,
            "input": {
                "raw": 212.86702350801426
            },
            "output": {
                "raw": 196.2199437851998
            },
            "triggered_links": [
                "L_03_04"
            ]
        },
        {
            "step": 5,
            "block_id": "B_EXTERNALCALL_04",
            "class": "ExternalCall",
            "duration_ms": 820,
            "input": {
                "raw": 196.2199437851998
            },
            "output": {
                "raw": 197.31440770104365
            },
            "triggered_links": [
                "L_04_05"
            ]
        },
        {
            "step": 6,
            "block_id": "B_TRANSFORMER_05",
            "class": "Transformer",
            "duration_ms": 33,
            "input": {
                "raw": 197.31440770104365
            },
            "output": {
                "raw": 181.35726677385264
            },
            "triggered_links": [
                "L_05_06"
            ]
        },
        {
            "step": 7,
            "block_id": "B_READVAR_06",
            "class": "ReadVar",
            "duration_ms": 4,
            "input": {
                "raw": 181.35726677385264
            },
            "output": {
                "raw": 199.44564872112034
            },
            "triggered_links": [
                "L_06_07"
            ]
        },
        {
            "step": 8,
            "block_id": "B_TRANSFORMER_07",
            "class": "Transformer",
            "duration_ms": 15,
            "input": {
                "raw": 199.44564872112034
            },
            "output": {
                "raw": 196.96529165944457
            },
            "triggered_links": []
        }
    ],
    "link_data": [
        {
            "link_id": "L_00_01",
            "traversed": true,
            "value": 197.24022752055632
        },
        {
            "link_id": "L_01_02",
            "traversed": true,
            "value": 216.93902588422816
        },
        {
            "link_id": "L_02_03",
            "traversed": true,
            "value": 212.86702350801426
        },
        {
            "link_id": "L_03_04",
            "traversed": true,
            "value": 196.2199437851998
        },
        {
            "link_id": "L_04_05",
            "traversed": true,
            "value": 197.31440770104365
        },
        {
            "link_id": "L_05_06",
            "traversed": true,
            "value": 181.35726677385264
        },
        {
            "link_id": "L_06_07",
            "traversed": true,
            "value": 199.44564872112034
        }
    ]
}