{
    "run_info": {
        "run_id": "SET5-R18-2E66FF",
        "graph_id": "GRAPH_18",
        "status": "SUCCESS",
        "total_ms": 2912,
        "timestamp": "2026-02-10T15:06:46.953978"
    },
    "execution_trace": [
        {
            "step": 1,
            "block_id": "B_DIVIDE_00",
            "class": "Divide",
            "duration_ms": 15,
            "input": {
                "raw": 441.3199927671349
            },
            "output": {
                "raw": 430.02630831469946
            },
            "triggered_links": [
                "L_00_01"
            ]
        },
        {
            "step": 2,
            "block_id": "B_READVAR_01",
            "class": "ReadVar",
            "duration_ms": 7,
            "input": {
                "raw": 430.02630831469946
            },
            "output": {
                "raw": 467.5048777771922
            },
            "triggered_links": [
                "L_01_02"
            ]
        },
        {
            "step": 3,
            "block_id": "B_FILTER_02",
            "class": "Filter",
            "duration_ms": 288,
            "input": {
                "raw": 467.5048777771922
            },
            "output": {
                "raw": 467.5147895778092
            },
            "triggered_links": [
                "L_02_03"
            ]
        },
        {
            "step": 4,
            "block_id": "B_READVAR_03",
            "class": "ReadVar",
            "duration_ms": 6,
            "input": {
                "raw": 467.5147895778092
            },
            "output": {
                "raw": 435.1930641262427
            },
            "triggered_links": [
                "L_03_04"
            ]
        },
        {
            "step": 5,
            "block_id": "B_TRANSFORMER_04",
            "class": "Transformer",
            "duration_ms": 26,
            "input": {
                "raw": 435.1930641262427
            },
            "output": {
                "raw": 400.31853426364984
            },
            "triggered_links": [
                "L_04_05"
            ]
        },
        {
            "step": 6,
            "block_id": "B_VALIDATOR_05",
            "class": "Validator",
            "duration_ms": 13,
            "input": {
                "raw": 400.31853426364984
            },
            "output": {
                "raw": 371.7596745719819
            },
            "triggered_links": [
                "L_05_06"
            ]
        },
        {
            "step": 7,
            "block_id": "B_DIVIDE_06",
            "class": "Divide",
            "duration_ms": 310,
            "input": {
                "raw": 371.7596745719819
            },
            "output": {
                "raw": 345.0637119535563
            },
            "triggered_links": [
                "L_06_07"
            ]
        },
        {
            "step": 8,
            "block_id": "B_EXTERNALCALL_07",
            "class": "ExternalCall",
            "duration_ms": 1312,
            "input": {
                "raw": 345.0637119535563
            },
            "output": {
                "raw": 356.17879238769945
            },
            "triggered_links": [
                "L_07_08"
            ]
        },
        {
            "step": 9,
            "block_id": "B_FILTER_08",
            "class": "Filter",
            "duration_ms": 15,
            "input": {
                "raw": 356.17879238769945
            },
            "output": {
                "raw": 369.2817266039827
            },
            "triggered_links": [
                "L_08_09"
            ]
        },
        {
            "step": 10,
            "block_id": "B_EXTERNALCALL_09",
            "class": "ExternalCall",
            "duration_ms": 837,
            "input": {
                "raw": 369.2817266039827
            },
            "output": {
                "raw": 345.39897952033715
            },
            "triggered_links": [
                "L_09_10"
            ]
        },
        {
            "step": 11,
            "block_id": "B_TRANSFORMER_10",
            "class": "Transformer",
            "duration_ms": 19,
            "input": {
                "raw": 345.39897952033715
            },
            "output": {
                "raw": 352.8897223080315
            },
            "triggered_links": [
                "L_10_11"
            ]
        },
        {
            "step": 12,
            "block_id": "B_TRANSFORMER_11",
            "class": "Transformer",
            "duration_ms": 40,
            "input": {
                "raw": 352.8897223080315
            },
            "output": {
                "raw": 375.0448740269935
            },
            "triggered_links": [
                "L_11_12"
            ]
        },
        {
            "step": 13,
            "block_id": "B_WRITEVAR_12",
            "class": "WriteVar",
            "duration_ms": 10,
            "input": {
                "raw": 375.0448740269935
            },
            "output": {
                "raw": 389.14828093142484
            },
            "triggered_links": [
                "L_12_13"
            ]
        },
        {
            "step": 14,
            "block_id": "B_DIVIDE_13",
            "class": "Divide",
            "duration_ms": 14,
            "input": {
                "raw": 389.14828093142484
            },
            "output": {
                "raw": 369.3715364256907
            },
            "triggered_links": []
        }
    ],
    "link_data": [
        {
            "link_id": "L_00_01",
            "traversed": true,
            "value": 430.02630831469946
        },
        {
            "link_id": "L_01_02",
            "traversed": true,
            "value": 467.5048777771922
        },
        {
            "link_id": "L_02_03",
            "traversed": true,
            "value": 467.5147895778092
        },
        {
            "link_id": "L_03_04",
            "traversed": true,
            "value": 435.1930641262427
        },
        {
            "link_id": "L_04_05",
            "traversed": true,
            "value": 400.31853426364984
        },
        {
            "link_id": "L_05_06",
            "traversed": true,
            "value": 371.7596745719819
        },
        {
            "link_id": "L_06_07",
            "traversed": true,
            "value": 345.0637119535563
        },
        {
            "link_id": "L_07_08",
            "traversed": true,
            "value": 356.17879238769945
        },
        {
            "link_id": "L_08_09",
            "traversed": true,
            "value": 369.2817266039827
        },
        {
            "link_id": "L_09_10",
            "traversed": true,
            "value": 345.39897952033715
        },
        {
            "link_id": "L_10_11",
            "traversed": true,
            "value": 352.8897223080315
        },
        {
            "link_id": "L_11_12",
            "traversed": true,
            "value": 375.0448740269935
        },
        {
            "link_id": "L_12_13",
            "traversed": true,
            "value": 389.14828093142484
        }
    ]
}