{
    "run_info": {
        "run_id": "SET5-R06-EF672B",
        "graph_id": "GRAPH_88",
        "status": "SUCCESS",
        "total_ms": 5500,
        "timestamp": "2026-02-10T22:06:46.946318"
    },
    "execution_trace": [
        {
            "step": 1,
            "block_id": "B_WRITEVAR_00",
            "class": "WriteVar",
            "duration_ms": 3,
            "input": {
                "raw": 803.711552219181
            },
            "output": {
                "raw": 873.6555375303019
            },
            "triggered_links": [
                "L_00_01"
            ]
        },
        {
            "step": 2,
            "block_id": "B_DIVIDE_01",
            "class": "Divide",
            "duration_ms": 13,
            "input": {
                "raw": 873.6555375303019
            },
            "output": {
                "raw": 874.7726194513838
            },
            "triggered_links": [
                "L_01_02"
            ]
        },
        {
            "step": 3,
            "block_id": "B_TRANSFORMER_02",
            "class": "Transformer",
            "duration_ms": 26,
            "input": {
                "raw": 874.7726194513838
            },
            "output": {
                "raw": 909.6777717805202
            },
            "triggered_links": [
                "L_02_03"
            ]
        },
        {
            "step": 4,
            "block_id": "B_VALIDATOR_03",
            "class": "Validator",
            "duration_ms": 13,
            "input": {
                "raw": 909.6777717805202
            },
            "output": {
                "raw": 985.0637406328351
            },
            "triggered_links": [
                "L_03_04"
            ]
        },
        {
            "step": 5,
            "block_id": "B_EXTERNALCALL_04",
            "class": "ExternalCall",
            "duration_ms": 986,
            "input": {
                "raw": 985.0637406328351
            },
            "output": {
                "raw": 1031.415433334631
            },
            "triggered_links": [
                "L_04_05"
            ]
        },
        {
            "step": 6,
            "block_id": "B_READVAR_05",
            "class": "ReadVar",
            "duration_ms": 6,
            "input": {
                "raw": 1031.415433334631
            },
            "output": {
                "raw": 1093.0726332828913
            },
            "triggered_links": [
                "L_05_06"
            ]
        },
        {
            "step": 7,
            "block_id": "B_MULTIPLY_06",
            "class": "Multiply",
            "duration_ms": 1078,
            "input": {
                "raw": 1093.0726332828913
            },
            "output": {
                "raw": 1197.377603269922
            },
            "triggered_links": [
                "L_06_07"
            ]
        },
        {
            "step": 8,
            "block_id": "B_AGGREGATE_07",
            "class": "Aggregate",
            "duration_ms": 3375,
            "input": {
                "raw": 1197.377603269922
            },
            "output": {
                "raw": 1248.885345879665
            },
            "triggered_links": []
        }
    ],
    "link_data": [
        {
            "link_id": "L_00_01",
            "traversed": true,
            "value": 873.6555375303019
        },
        {
            "link_id": "L_01_02",
            "traversed": true,
            "value": 874.7726194513838
        },
        {
            "link_id": "L_02_03",
            "traversed": true,
            "value": 909.6777717805202
        },
        {
            "link_id": "L_03_04",
            "traversed": true,
            "value": 985.0637406328351
        },
        {
            "link_id": "L_04_05",
            "traversed": true,
            "value": 1031.415433334631
        },
        {
            "link_id": "L_05_06",
            "traversed": true,
            "value": 1093.0726332828913
        },
        {
            "link_id": "L_06_07",
            "traversed": true,
            "value": 1197.377603269922
        }
    ]
}