{
    "run_info": {
        "run_id": "SET5-R49-016A07",
        "graph_id": "GRAPH_43",
        "status": "SUCCESS",
        "total_ms": 149765,
        "timestamp": "2026-01-28T05:06:46.973493"
    },
    "execution_trace": [
        {
            "step": 1,
            "block_id": "B_TRANSFORMER_00",
            "class": "Transformer",
            "duration_ms": 36,
            "input": {
                "raw": 617.4664612379235
            },
            "output": {
                "raw": 649.6943749984006
            },
            "triggered_links": [
                "L_00_01"
            ]
        },
        {
            "step": 2,
            "block_id": "B_WRITEVAR_01",
            "class": "WriteVar",
            "duration_ms": 12,
            "input": {
                "raw": 649.6943749984006
            },
            "output": {
                "raw": 588.8236932164916
            },
            "triggered_links": [
                "L_01_02"
            ]
        },
        {
            "step": 3,
            "block_id": "B_AGGREGATE_02",
            "class": "Aggregate",
            "duration_ms": 148567,
            "input": {
                "raw": 588.8236932164916
            },
            "output": {
                "raw": 559.0555989810507
            },
            "triggered_links": [
                "L_02_03"
            ]
        },
        {
            "step": 4,
            "block_id": "B_EXTERNALCALL_03",
            "class": "ExternalCall",
            "duration_ms": 1143,
            "input": {
                "raw": 559.0555989810507
            },
            "output": {
                "raw": 565.9943303371531
            },
            "triggered_links": [
                "L_03_04"
            ]
        },
        {
            "step": 5,
            "block_id": "B_IF_04",
            "class": "If",
            "duration_ms": 7,
            "input": {
                "raw": 565.9943303371531
            },
            "output": {
                "raw": 542.356671978419
            },
            "triggered_links": []
        }
    ],
    "link_data": [
        {
            "link_id": "L_00_01",
            "traversed": true,
            "value": 649.6943749984006
        },
        {
            "link_id": "L_01_02",
            "traversed": true,
            "value": 588.8236932164916
        },
        {
            "link_id": "L_02_03",
            "traversed": true,
            "value": 559.0555989810507
        },
        {
            "link_id": "L_03_04",
            "traversed": true,
            "value": 565.9943303371531
        }
    ]
}