{
    "run_info": {
        "run_id": "SET5-R14-008A47",
        "graph_id": "GRAPH_28",
        "status": "SUCCESS",
        "total_ms": 3666,
        "timestamp": "2026-02-01T19:06:46.951445"
    },
    "execution_trace": [
        {
            "step": 1,
            "block_id": "B_IF_00",
            "class": "If",
            "duration_ms": 6,
            "input": {
                "raw": 476.60266380609573
            },
            "output": {
                "raw": 491.6074232432596
            },
            "triggered_links": [
                "L_00_01"
            ]
        },
        {
            "step": 2,
            "block_id": "B_READVAR_01",
            "class": "ReadVar",
            "duration_ms": 15,
            "input": {
                "raw": 491.6074232432596
            },
            "output": {
                "raw": 501.5665032709317
            },
            "triggered_links": [
                "L_01_02"
            ]
        },
        {
            "step": 3,
            "block_id": "B_VALIDATOR_02",
            "class": "Validator",
            "duration_ms": 27,
            "input": {
                "raw": 501.5665032709317
            },
            "output": {
                "raw": 553.5514062904956
            },
            "triggered_links": [
                "L_02_03"
            ]
        },
        {
            "step": 4,
            "block_id": "B_AGGREGATE_03",
            "class": "Aggregate",
            "duration_ms": 2891,
            "input": {
                "raw": 553.5514062904956
            },
            "output": {
                "raw": 522.3771186918473
            },
            "triggered_links": [
                "L_03_04"
            ]
        },
        {
            "step": 5,
            "block_id": "B_READVAR_04",
            "class": "ReadVar",
            "duration_ms": 13,
            "input": {
                "raw": 522.3771186918473
            },
            "output": {
                "raw": 541.095468372245
            },
            "triggered_links": [
                "L_04_05"
            ]
        },
        {
            "step": 6,
            "block_id": "B_FILTER_05",
            "class": "Filter",
            "duration_ms": 20,
            "input": {
                "raw": 541.095468372245
            },
            "output": {
                "raw": 561.8436015544193
            },
            "triggered_links": [
                "L_05_06"
            ]
        },
        {
            "step": 7,
            "block_id": "B_VALIDATOR_06",
            "class": "Validator",
            "duration_ms": 10,
            "input": {
                "raw": 561.8436015544193
            },
            "output": {
                "raw": 512.2523079676603
            },
            "triggered_links": [
                "L_06_07"
            ]
        },
        {
            "step": 8,
            "block_id": "B_DIVIDE_07",
            "class": "Divide",
            "duration_ms": 684,
            "input": {
                "raw": 512.2523079676603
            },
            "output": {
                "raw": 490.1408795021974
            },
            "triggered_links": []
        }
    ],
    "link_data": [
        {
            "link_id": "L_00_01",
            "traversed": true,
            "value": 491.6074232432596
        },
        {
            "link_id": "L_01_02",
            "traversed": true,
            "value": 501.5665032709317
        },
        {
            "link_id": "L_02_03",
            "traversed": true,
            "value": 553.5514062904956
        },
        {
            "link_id": "L_03_04",
            "traversed": true,
            "value": 522.3771186918473
        },
        {
            "link_id": "L_04_05",
            "traversed": true,
            "value": 541.095468372245
        },
        {
            "link_id": "L_05_06",
            "traversed": true,
            "value": 561.8436015544193
        },
        {
            "link_id": "L_06_07",
            "traversed": true,
            "value": 512.2523079676603
        }
    ]
}