{
    "run_info": {
        "run_id": "SET5-R40-A9E780",
        "graph_id": "GRAPH_30",
        "status": "SUCCESS",
        "total_ms": 2399,
        "timestamp": "2026-01-28T18:06:46.967712"
    },
    "execution_trace": [
        {
            "step": 1,
            "block_id": "B_DIVIDE_00",
            "class": "Divide",
            "duration_ms": 14,
            "input": {
                "raw": 671.9589489603105
            },
            "output": {
                "raw": 667.406614866783
            },
            "triggered_links": [
                "L_00_01"
            ]
        },
        {
            "step": 2,
            "block_id": "B_WRITEVAR_01",
            "class": "WriteVar",
            "duration_ms": 10,
            "input": {
                "raw": 667.406614866783
            },
            "output": {
                "raw": 616.9117224667997
            },
            "triggered_links": [
                "L_01_02"
            ]
        },
        {
            "step": 3,
            "block_id": "B_IF_02",
            "class": "If",
            "duration_ms": 6,
            "input": {
                "raw": 616.9117224667997
            },
            "output": {
                "raw": 597.5303387463999
            },
            "triggered_links": [
                "L_02_03"
            ]
        },
        {
            "step": 4,
            "block_id": "B_DIVIDE_03",
            "class": "Divide",
            "duration_ms": 522,
            "input": {
                "raw": 597.5303387463999
            },
            "output": {
                "raw": 636.1234381824645
            },
            "triggered_links": [
                "L_03_04"
            ]
        },
        {
            "step": 5,
            "block_id": "B_TRANSFORMER_04",
            "class": "Transformer",
            "duration_ms": 35,
            "input": {
                "raw": 636.1234381824645
            },
            "output": {
                "raw": 605.1759088258729
            },
            "triggered_links": [
                "L_04_05"
            ]
        },
        {
            "step": 6,
            "block_id": "B_WRITEVAR_05",
            "class": "WriteVar",
            "duration_ms": 10,
            "input": {
                "raw": 605.1759088258729
            },
            "output": {
                "raw": 587.7807410967033
            },
            "triggered_links": [
                "L_05_06"
            ]
        },
        {
            "step": 7,
            "block_id": "B_AGGREGATE_06",
            "class": "Aggregate",
            "duration_ms": 854,
            "input": {
                "raw": 587.7807410967033
            },
            "output": {
                "raw": 600.2240883646772
            },
            "triggered_links": [
                "L_06_07"
            ]
        },
        {
            "step": 8,
            "block_id": "B_VALIDATOR_07",
            "class": "Validator",
            "duration_ms": 14,
            "input": {
                "raw": 600.2240883646772
            },
            "output": {
                "raw": 568.4735587226663
            },
            "triggered_links": [
                "L_07_08"
            ]
        },
        {
            "step": 9,
            "block_id": "B_TRANSFORMER_08",
            "class": "Transformer",
            "duration_ms": 858,
            "input": {
                "raw": 568.4735587226663
            },
            "output": {
                "raw": 510.60901910133157
            },
            "triggered_links": [
                "L_08_09"
            ]
        },
        {
            "step": 10,
            "block_id": "B_TRANSFORMER_09",
            "class": "Transformer",
            "duration_ms": 29,
            "input": {
                "raw": 510.60901910133157
            },
            "output": {
                "raw": 541.3951483058031
            },
            "triggered_links": [
                "L_09_10"
            ]
        },
        {
            "step": 11,
            "block_id": "B_TRANSFORMER_10",
            "class": "Transformer",
            "duration_ms": 25,
            "input": {
                "raw": 541.3951483058031
            },
            "output": {
                "raw": 497.9189489022179
            },
            "triggered_links": [
                "L_10_11"
            ]
        },
        {
            "step": 12,
            "block_id": "B_DIVIDE_11",
            "class": "Divide",
            "duration_ms": 6,
            "input": {
                "raw": 497.9189489022179
            },
            "output": {
                "raw": 497.64079434558903
            },
            "triggered_links": [
                "L_11_12"
            ]
        },
        {
            "step": 13,
            "block_id": "B_DIVIDE_12",
            "class": "Divide",
            "duration_ms": 16,
            "input": {
                "raw": 497.64079434558903
            },
            "output": {
                "raw": 453.8253784336016
            },
            "triggered_links": []
        }
    ],
    "link_data": [
        {
            "link_id": "L_00_01",
            "traversed": true,
            "value": 667.406614866783
        },
        {
            "link_id": "L_01_02",
            "traversed": true,
            "value": 616.9117224667997
        },
        {
            "link_id": "L_02_03",
            "traversed": true,
            "value": 597.5303387463999
        },
        {
            "link_id": "L_03_04",
            "traversed": true,
            "value": 636.1234381824645
        },
        {
            "link_id": "L_04_05",
            "traversed": true,
            "value": 605.1759088258729
        },
        {
            "link_id": "L_05_06",
            "traversed": true,
            "value": 587.7807410967033
        },
        {
            "link_id": "L_06_07",
            "traversed": true,
            "value": 600.2240883646772
        },
        {
            "link_id": "L_07_08",
            "traversed": true,
            "value": 568.4735587226663
        },
        {
            "link_id": "L_08_09",
            "traversed": true,
            "value": 510.60901910133157
        },
        {
            "link_id": "L_09_10",
            "traversed": true,
            "value": 541.3951483058031
        },
        {
            "link_id": "L_10_11",
            "traversed": true,
            "value": 497.9189489022179
        },
        {
            "link_id": "L_11_12",
            "traversed": true,
            "value": 497.64079434558903
        }
    ]
}