{
    "run_info": {
        "run_id": "SET5-R12-88B3D9",
        "graph_id": "GRAPH_12",
        "status": "SUCCESS",
        "total_ms": 10204,
        "timestamp": "2026-02-04T23:06:46.950128"
    },
    "execution_trace": [
        {
            "step": 1,
            "block_id": "B_AGGREGATE_00",
            "class": "Aggregate",
            "duration_ms": 4729,
            "input": {
                "raw": 672.5459478515069
            },
            "output": {
                "raw": 708.3781980910105
            },
            "triggered_links": [
                "L_00_01"
            ]
        },
        {
            "step": 2,
            "block_id": "B_IF_01",
            "class": "If",
            "duration_ms": 2,
            "input": {
                "raw": 708.3781980910105
            },
            "output": {
                "raw": 715.9383383574286
            },
            "triggered_links": [
                "L_01_02"
            ]
        },
        {
            "step": 3,
            "block_id": "B_MULTIPLY_02",
            "class": "Multiply",
            "duration_ms": 5,
            "input": {
                "raw": 715.9383383574286
            },
            "output": {
                "raw": 702.1022988349696
            },
            "triggered_links": [
                "L_02_03"
            ]
        },
        {
            "step": 4,
            "block_id": "B_READVAR_03",
            "class": "ReadVar",
            "duration_ms": 13,
            "input": {
                "raw": 702.1022988349696
            },
            "output": {
                "raw": 724.5271008809664
            },
            "triggered_links": [
                "L_03_04"
            ]
        },
        {
            "step": 5,
            "block_id": "B_IF_04",
            "class": "If",
            "duration_ms": 4,
            "input": {
                "raw": 724.5271008809664
            },
            "output": {
                "raw": 758.7468437958348
            },
            "triggered_links": [
                "L_04_05"
            ]
        },
        {
            "step": 6,
            "block_id": "B_IF_05",
            "class": "If",
            "duration_ms": 3,
            "input": {
                "raw": 758.7468437958348
            },
            "output": {
                "raw": 839.0097191686493
            },
            "triggered_links": [
                "L_05_06"
            ]
        },
        {
            "step": 7,
            "block_id": "B_DIVIDE_06",
            "class": "Divide",
            "duration_ms": 442,
            "input": {
                "raw": 839.0097191686493
            },
            "output": {
                "raw": 823.6165985034035
            },
            "triggered_links": [
                "L_06_07"
            ]
        },
        {
            "step": 8,
            "block_id": "B_READVAR_07",
            "class": "ReadVar",
            "duration_ms": 11,
            "input": {
                "raw": 823.6165985034035
            },
            "output": {
                "raw": 847.3009628097374
            },
            "triggered_links": [
                "L_07_08"
            ]
        },
        {
            "step": 9,
            "block_id": "B_TRANSFORMER_08",
            "class": "Transformer",
            "duration_ms": 1472,
            "input": {
                "raw": 847.3009628097374
            },
            "output": {
                "raw": 773.3061654929066
            },
            "triggered_links": [
                "L_08_09"
            ]
        },
        {
            "step": 10,
            "block_id": "B_WRITEVAR_09",
            "class": "WriteVar",
            "duration_ms": 7,
            "input": {
                "raw": 773.3061654929066
            },
            "output": {
                "raw": 843.0952268349906
            },
            "triggered_links": [
                "L_09_10"
            ]
        },
        {
            "step": 11,
            "block_id": "B_AGGREGATE_10",
            "class": "Aggregate",
            "duration_ms": 3516,
            "input": {
                "raw": 843.0952268349906
            },
            "output": {
                "raw": 864.5799487199014
            },
            "triggered_links": []
        }
    ],
    "link_data": [
        {
            "link_id": "L_00_01",
            "traversed": true,
            "value": 708.3781980910105
        },
        {
            "link_id": "L_01_02",
            "traversed": true,
            "value": 715.9383383574286
        },
        {
            "link_id": "L_02_03",
            "traversed": true,
            "value": 702.1022988349696
        },
        {
            "link_id": "L_03_04",
            "traversed": true,
            "value": 724.5271008809664
        },
        {
            "link_id": "L_04_05",
            "traversed": true,
            "value": 758.7468437958348
        },
        {
            "link_id": "L_05_06",
            "traversed": true,
            "value": 839.0097191686493
        },
        {
            "link_id": "L_06_07",
            "traversed": true,
            "value": 823.6165985034035
        },
        {
            "link_id": "L_07_08",
            "traversed": true,
            "value": 847.3009628097374
        },
        {
            "link_id": "L_08_09",
            "traversed": true,
            "value": 773.3061654929066
        },
        {
            "link_id": "L_09_10",
            "traversed": true,
            "value": 843.0952268349906
        }
    ]
}