{
    "run_info": {
        "run_id": "SET5-R27-0C2FC1",
        "graph_id": "GRAPH_92",
        "status": "SUCCESS",
        "total_ms": 115908,
        "timestamp": "2026-02-17T11:06:46.959435"
    },
    "execution_trace": [
        {
            "step": 1,
            "block_id": "B_WRITEVAR_00",
            "class": "WriteVar",
            "duration_ms": 10,
            "input": {
                "raw": 713.3876666818526
            },
            "output": {
                "raw": 744.9180565347109
            },
            "triggered_links": [
                "L_00_01"
            ]
        },
        {
            "step": 2,
            "block_id": "B_VALIDATOR_01",
            "class": "Validator",
            "duration_ms": 28,
            "input": {
                "raw": 744.9180565347109
            },
            "output": {
                "raw": 675.8020374715836
            },
            "triggered_links": [
                "L_01_02"
            ]
        },
        {
            "step": 3,
            "block_id": "B_AGGREGATE_02",
            "class": "Aggregate",
            "duration_ms": 115778,
            "input": {
                "raw": 675.8020374715836
            },
            "output": {
                "raw": 731.5411621496459
            },
            "triggered_links": [
                "L_02_03"
            ]
        },
        {
            "step": 4,
            "block_id": "B_READVAR_03",
            "class": "ReadVar",
            "duration_ms": 19,
            "input": {
                "raw": 731.5411621496459
            },
            "output": {
                "raw": 793.4976315374545
            },
            "triggered_links": [
                "L_03_04"
            ]
        },
        {
            "step": 5,
            "block_id": "B_TRANSFORMER_04",
            "class": "Transformer",
            "duration_ms": 22,
            "input": {
                "raw": 793.4976315374545
            },
            "output": {
                "raw": 780.1316591238157
            },
            "triggered_links": [
                "L_04_05"
            ]
        },
        {
            "step": 6,
            "block_id": "B_FILTER_05",
            "class": "Filter",
            "duration_ms": 27,
            "input": {
                "raw": 780.1316591238157
            },
            "output": {
                "raw": 797.9176983059601
            },
            "triggered_links": [
                "L_05_06"
            ]
        },
        {
            "step": 7,
            "block_id": "B_FILTER_06",
            "class": "Filter",
            "duration_ms": 9,
            "input": {
                "raw": 797.9176983059601
            },
            "output": {
                "raw": 741.1142114359689
            },
            "triggered_links": [
                "L_06_07"
            ]
        },
        {
            "step": 8,
            "block_id": "B_DIVIDE_07",
            "class": "Divide",
            "duration_ms": 15,
            "input": {
                "raw": 741.1142114359689
            },
            "output": {
                "raw": 674.1445421469174
            },
            "triggered_links": []
        }
    ],
    "link_data": [
        {
            "link_id": "L_00_01",
            "traversed": true,
            "value": 744.9180565347109
        },
        {
            "link_id": "L_01_02",
            "traversed": true,
            "value": 675.8020374715836
        },
        {
            "link_id": "L_02_03",
            "traversed": true,
            "value": 731.5411621496459
        },
        {
            "link_id": "L_03_04",
            "traversed": true,
            "value": 793.4976315374545
        },
        {
            "link_id": "L_04_05",
            "traversed": true,
            "value": 780.1316591238157
        },
        {
            "link_id": "L_05_06",
            "traversed": true,
            "value": 797.9176983059601
        },
        {
            "link_id": "L_06_07",
            "traversed": true,
            "value": 741.1142114359689
        }
    ]
}