{
    "run_info": {
        "run_id": "SET5-R09-6D5795",
        "graph_id": "GRAPH_26",
        "status": "SUCCESS",
        "total_ms": 169,
        "timestamp": "2026-02-12T08:06:46.948023"
    },
    "execution_trace": [
        {
            "step": 1,
            "block_id": "B_VALIDATOR_00",
            "class": "Validator",
            "duration_ms": 32,
            "input": {
                "raw": 31.149239373432742
            },
            "output": {
                "raw": 32.634945007098906
            },
            "triggered_links": [
                "L_00_01"
            ]
        },
        {
            "step": 2,
            "block_id": "B_VALIDATOR_01",
            "class": "Validator",
            "duration_ms": 15,
            "input": {
                "raw": 32.634945007098906
            },
            "output": {
                "raw": 31.19709061006402
            },
            "triggered_links": [
                "L_01_02"
            ]
        },
        {
            "step": 3,
            "block_id": "B_DIVIDE_02",
            "class": "Divide",
            "duration_ms": 15,
            "input": {
                "raw": 31.19709061006402
            },
            "output": {
                "raw": 30.42123082866999
            },
            "triggered_links": [
                "L_02_03"
            ]
        },
        {
            "step": 4,
            "block_id": "B_READVAR_03",
            "class": "ReadVar",
            "duration_ms": 10,
            "input": {
                "raw": 30.42123082866999
            },
            "output": {
                "raw": 37.073223253456206
            },
            "triggered_links": [
                "L_03_04"
            ]
        },
        {
            "step": 5,
            "block_id": "B_WRITEVAR_04",
            "class": "WriteVar",
            "duration_ms": 17,
            "input": {
                "raw": 37.073223253456206
            },
            "output": {
                "raw": 39.48223202627557
            },
            "triggered_links": [
                "L_04_05"
            ]
        },
        {
            "step": 6,
            "block_id": "B_TRANSFORMER_05",
            "class": "Transformer",
            "duration_ms": 40,
            "input": {
                "raw": 39.48223202627557
            },
            "output": {
                "raw": 44.156828144227056
            },
            "triggered_links": [
                "L_05_06"
            ]
        },
        {
            "step": 7,
            "block_id": "B_WRITEVAR_06",
            "class": "WriteVar",
            "duration_ms": 11,
            "input": {
                "raw": 44.156828144227056
            },
            "output": {
                "raw": 42.41793214324967
            },
            "triggered_links": [
                "L_06_07"
            ]
        },
        {
            "step": 8,
            "block_id": "B_VALIDATOR_07",
            "class": "Validator",
            "duration_ms": 28,
            "input": {
                "raw": 42.41793214324967
            },
            "output": {
                "raw": 37.97111857499258
            },
            "triggered_links": [
                "L_07_08"
            ]
        },
        {
            "step": 9,
            "block_id": "B_WRITEVAR_08",
            "class": "WriteVar",
            "duration_ms": 1,
            "input": {
                "raw": 37.97111857499258
            },
            "output": {
                "raw": 31.118952613504202
            },
            "triggered_links": []
        }
    ],
    "link_data": [
        {
            "link_id": "L_00_01",
            "traversed": true,
            "value": 32.634945007098906
        },
        {
            "link_id": "L_01_02",
            "traversed": true,
            "value": 31.19709061006402
        },
        {
            "link_id": "L_02_03",
            "traversed": true,
            "value": 30.42123082866999
        },
        {
            "link_id": "L_03_04",
            "traversed": true,
            "value": 37.073223253456206
        },
        {
            "link_id": "L_04_05",
            "traversed": true,
            "value": 39.48223202627557
        },
        {
            "link_id": "L_05_06",
            "traversed": true,
            "value": 44.156828144227056
        },
        {
            "link_id": "L_06_07",
            "traversed": true,
            "value": 42.41793214324967
        },
        {
            "link_id": "L_07_08",
            "traversed": true,
            "value": 37.97111857499258
        }
    ]
}