{
    "run_info": {
        "run_id": "SET5-R45-E7AD6F",
        "graph_id": "GRAPH_73",
        "status": "SUCCESS",
        "total_ms": 187,
        "timestamp": "2026-02-05T14:06:46.970919"
    },
    "execution_trace": [
        {
            "step": 1,
            "block_id": "B_WRITEVAR_00",
            "class": "WriteVar",
            "duration_ms": 4,
            "input": {
                "raw": 195.91223732882273
            },
            "output": {
                "raw": 202.31705816745676
            },
            "triggered_links": [
                "L_00_01"
            ]
        },
        {
            "step": 2,
            "block_id": "B_VALIDATOR_01",
            "class": "Validator",
            "duration_ms": 14,
            "input": {
                "raw": 202.31705816745676
            },
            "output": {
                "raw": 221.6049662314196
            },
            "triggered_links": [
                "L_01_02"
            ]
        },
        {
            "step": 3,
            "block_id": "B_TRANSFORMER_02",
            "class": "Transformer",
            "duration_ms": 9,
            "input": {
                "raw": 221.6049662314196
            },
            "output": {
                "raw": 214.28364186793237
            },
            "triggered_links": [
                "L_02_03"
            ]
        },
        {
            "step": 4,
            "block_id": "B_VALIDATOR_03",
            "class": "Validator",
            "duration_ms": 16,
            "input": {
                "raw": 214.28364186793237
            },
            "output": {
                "raw": 214.05688008319711
            },
            "triggered_links": [
                "L_03_04"
            ]
        },
        {
            "step": 5,
            "block_id": "B_WRITEVAR_04",
            "class": "WriteVar",
            "duration_ms": 144,
            "input": {
                "raw": 214.05688008319711
            },
            "output": {
                "raw": 230.5770741062867
            },
            "triggered_links": []
        }
    ],
    "link_data": [
        {
            "link_id": "L_00_01",
            "traversed": true,
            "value": 202.31705816745676
        },
        {
            "link_id": "L_01_02",
            "traversed": true,
            "value": 221.6049662314196
        },
        {
            "link_id": "L_02_03",
            "traversed": true,
            "value": 214.28364186793237
        },
        {
            "link_id": "L_03_04",
            "traversed": true,
            "value": 214.05688008319711
        }
    ]
}