{
    "run_info": {
        "run_id": "SET5-R41-7F86FE",
        "graph_id": "GRAPH_88",
        "status": "SUCCESS",
        "total_ms": 7278,
        "timestamp": "2026-02-07T20:06:46.968440"
    },
    "execution_trace": [
        {
            "step": 1,
            "block_id": "B_EXTERNALCALL_00",
            "class": "ExternalCall",
            "duration_ms": 1390,
            "input": {
                "raw": 777.0516661640207
            },
            "output": {
                "raw": 752.5363858439761
            },
            "triggered_links": [
                "L_00_01"
            ]
        },
        {
            "step": 2,
            "block_id": "B_IF_01",
            "class": "If",
            "duration_ms": 7,
            "input": {
                "raw": 752.5363858439761
            },
            "output": {
                "raw": 798.2495206949344
            },
            "triggered_links": [
                "L_01_02"
            ]
        },
        {
            "step": 3,
            "block_id": "B_READVAR_02",
            "class": "ReadVar",
            "duration_ms": 6,
            "input": {
                "raw": 798.2495206949344
            },
            "output": {
                "raw": 868.3157816802483
            },
            "triggered_links": [
                "L_02_03"
            ]
        },
        {
            "step": 4,
            "block_id": "B_AGGREGATE_03",
            "class": "Aggregate",
            "duration_ms": 4819,
            "input": {
                "raw": 868.3157816802483
            },
            "output": {
                "raw": 871.9127673995496
            },
            "triggered_links": [
                "L_03_04"
            ]
        },
        {
            "step": 5,
            "block_id": "B_WRITEVAR_04",
            "class": "WriteVar",
            "duration_ms": 16,
            "input": {
                "raw": 871.9127673995496
            },
            "output": {
                "raw": 934.0432387020712
            },
            "triggered_links": [
                "L_04_05"
            ]
        },
        {
            "step": 6,
            "block_id": "B_WRITEVAR_05",
            "class": "WriteVar",
            "duration_ms": 8,
            "input": {
                "raw": 934.0432387020712
            },
            "output": {
                "raw": 995.7122198673295
            },
            "triggered_links": [
                "L_05_06"
            ]
        },
        {
            "step": 7,
            "block_id": "B_EXTERNALCALL_06",
            "class": "ExternalCall",
            "duration_ms": 1011,
            "input": {
                "raw": 995.7122198673295
            },
            "output": {
                "raw": 1071.024468202713
            },
            "triggered_links": [
                "L_06_07"
            ]
        },
        {
            "step": 8,
            "block_id": "B_READVAR_07",
            "class": "ReadVar",
            "duration_ms": 10,
            "input": {
                "raw": 1071.024468202713
            },
            "output": {
                "raw": 1101.0885679783487
            },
            "triggered_links": [
                "L_07_08"
            ]
        },
        {
            "step": 9,
            "block_id": "B_READVAR_08",
            "class": "ReadVar",
            "duration_ms": 11,
            "input": {
                "raw": 1101.0885679783487
            },
            "output": {
                "raw": 1178.3048069060344
            },
            "triggered_links": []
        }
    ],
    "link_data": [
        {
            "link_id": "L_00_01",
            "traversed": true,
            "value": 752.5363858439761
        },
        {
            "link_id": "L_01_02",
            "traversed": true,
            "value": 798.2495206949344
        },
        {
            "link_id": "L_02_03",
            "traversed": true,
            "value": 868.3157816802483
        },
        {
            "link_id": "L_03_04",
            "traversed": true,
            "value": 871.9127673995496
        },
        {
            "link_id": "L_04_05",
            "traversed": true,
            "value": 934.0432387020712
        },
        {
            "link_id": "L_05_06",
            "traversed": true,
            "value": 995.7122198673295
        },
        {
            "link_id": "L_06_07",
            "traversed": true,
            "value": 1071.024468202713
        },
        {
            "link_id": "L_07_08",
            "traversed": true,
            "value": 1101.0885679783487
        }
    ]
}