{
    "run_info": {
        "run_id": "SET5-R20-715F18",
        "graph_id": "GRAPH_30",
        "status": "SUCCESS",
        "total_ms": 6863,
        "timestamp": "2026-02-11T06:06:46.955301"
    },
    "execution_trace": [
        {
            "step": 1,
            "block_id": "B_TRANSFORMER_00",
            "class": "Transformer",
            "duration_ms": 14,
            "input": {
                "raw": 240.35841139602798
            },
            "output": {
                "raw": 257.2170156771544
            },
            "triggered_links": [
                "L_00_01"
            ]
        },
        {
            "step": 2,
            "block_id": "B_READVAR_01",
            "class": "ReadVar",
            "duration_ms": 15,
            "input": {
                "raw": 257.2170156771544
            },
            "output": {
                "raw": 265.64447959884455
            },
            "triggered_links": [
                "L_01_02"
            ]
        },
        {
            "step": 3,
            "block_id": "B_DIVIDE_02",
            "class": "Divide",
            "duration_ms": 7,
            "input": {
                "raw": 265.64447959884455
            },
            "output": {
                "raw": 253.02717179890595
            },
            "triggered_links": [
                "L_02_03"
            ]
        },
        {
            "step": 4,
            "block_id": "B_MULTIPLY_03",
            "class": "Multiply",
            "duration_ms": 14,
            "input": {
                "raw": 253.02717179890595
            },
            "output": {
                "raw": 248.66729610635008
            },
            "triggered_links": [
                "L_03_04"
            ]
        },
        {
            "step": 5,
            "block_id": "B_DIVIDE_04",
            "class": "Divide",
            "duration_ms": 8,
            "input": {
                "raw": 248.66729610635008
            },
            "output": {
                "raw": 232.4056774559406
            },
            "triggered_links": [
                "L_04_05"
            ]
        },
        {
            "step": 6,
            "block_id": "B_READVAR_05",
            "class": "ReadVar",
            "duration_ms": 15,
            "input": {
                "raw": 232.4056774559406
            },
            "output": {
                "raw": 241.55698282115438
            },
            "triggered_links": [
                "L_05_06"
            ]
        },
        {
            "step": 7,
            "block_id": "B_FILTER_06",
            "class": "Filter",
            "duration_ms": 32,
            "input": {
                "raw": 241.55698282115438
            },
            "output": {
                "raw": 215.44948674432135
            },
            "triggered_links": [
                "L_06_07"
            ]
        },
        {
            "step": 8,
            "block_id": "B_IF_07",
            "class": "If",
            "duration_ms": 3,
            "input": {
                "raw": 215.44948674432135
            },
            "output": {
                "raw": 206.0588040563615
            },
            "triggered_links": [
                "L_07_08"
            ]
        },
        {
            "step": 9,
            "block_id": "B_TRANSFORMER_08",
            "class": "Transformer",
            "duration_ms": 40,
            "input": {
                "raw": 206.0588040563615
            },
            "output": {
                "raw": 208.1984221908051
            },
            "triggered_links": [
                "L_08_09"
            ]
        },
        {
            "step": 10,
            "block_id": "B_AGGREGATE_09",
            "class": "Aggregate",
            "duration_ms": 6660,
            "input": {
                "raw": 208.1984221908051
            },
            "output": {
                "raw": 190.29159669204353
            },
            "triggered_links": [
                "L_09_10"
            ]
        },
        {
            "step": 11,
            "block_id": "B_DIVIDE_10",
            "class": "Divide",
            "duration_ms": 15,
            "input": {
                "raw": 190.29159669204353
            },
            "output": {
                "raw": 208.5592655078499
            },
            "triggered_links": [
                "L_10_11"
            ]
        },
        {
            "step": 12,
            "block_id": "B_IF_11",
            "class": "If",
            "duration_ms": 6,
            "input": {
                "raw": 208.5592655078499
            },
            "output": {
                "raw": 217.45597397564873
            },
            "triggered_links": [
                "L_11_12"
            ]
        },
        {
            "step": 13,
            "block_id": "B_FILTER_12",
            "class": "Filter",
            "duration_ms": 28,
            "input": {
                "raw": 217.45597397564873
            },
            "output": {
                "raw": 213.61865388542805
            },
            "triggered_links": [
                "L_12_13"
            ]
        },
        {
            "step": 14,
            "block_id": "B_READVAR_13",
            "class": "ReadVar",
            "duration_ms": 6,
            "input": {
                "raw": 213.61865388542805
            },
            "output": {
                "raw": 217.1530576791415
            },
            "triggered_links": []
        }
    ],
    "link_data": [
        {
            "link_id": "L_00_01",
            "traversed": true,
            "value": 257.2170156771544
        },
        {
            "link_id": "L_01_02",
            "traversed": true,
            "value": 265.64447959884455
        },
        {
            "link_id": "L_02_03",
            "traversed": true,
            "value": 253.02717179890595
        },
        {
            "link_id": "L_03_04",
            "traversed": true,
            "value": 248.66729610635008
        },
        {
            "link_id": "L_04_05",
            "traversed": true,
            "value": 232.4056774559406
        },
        {
            "link_id": "L_05_06",
            "traversed": true,
            "value": 241.55698282115438
        },
        {
            "link_id": "L_06_07",
            "traversed": true,
            "value": 215.44948674432135
        },
        {
            "link_id": "L_07_08",
            "traversed": true,
            "value": 206.0588040563615
        },
        {
            "link_id": "L_08_09",
            "traversed": true,
            "value": 208.1984221908051
        },
        {
            "link_id": "L_09_10",
            "traversed": true,
            "value": 190.29159669204353
        },
        {
            "link_id": "L_10_11",
            "traversed": true,
            "value": 208.5592655078499
        },
        {
            "link_id": "L_11_12",
            "traversed": true,
            "value": 217.45597397564873
        },
        {
            "link_id": "L_12_13",
            "traversed": true,
            "value": 213.61865388542805
        }
    ]
}