{
    "run_info": {
        "run_id": "SET5-R44-796358",
        "graph_id": "GRAPH_47",
        "status": "SUCCESS",
        "total_ms": 11876,
        "timestamp": "2026-01-28T11:06:46.970322"
    },
    "execution_trace": [
        {
            "step": 1,
            "block_id": "B_AGGREGATE_00",
            "class": "Aggregate",
            "duration_ms": 2216,
            "input": {
                "raw": 597.613707835835
            },
            "output": {
                "raw": 647.6743513750902
            },
            "triggered_links": [
                "L_00_01"
            ]
        },
        {
            "step": 2,
            "block_id": "B_FILTER_01",
            "class": "Filter",
            "duration_ms": 28,
            "input": {
                "raw": 647.6743513750902
            },
            "output": {
                "raw": 623.3722811410088
            },
            "triggered_links": [
                "L_01_02"
            ]
        },
        {
            "step": 3,
            "block_id": "B_DIVIDE_02",
            "class": "Divide",
            "duration_ms": 14,
            "input": {
                "raw": 623.3722811410088
            },
            "output": {
                "raw": 564.69617955526
            },
            "triggered_links": [
                "L_02_03"
            ]
        },
        {
            "step": 4,
            "block_id": "B_AGGREGATE_03",
            "class": "Aggregate",
            "duration_ms": 3959,
            "input": {
                "raw": 564.69617955526
            },
            "output": {
                "raw": 575.3798202411698
            },
            "triggered_links": [
                "L_03_04"
            ]
        },
        {
            "step": 5,
            "block_id": "B_EXTERNALCALL_04",
            "class": "ExternalCall",
            "duration_ms": 1067,
            "input": {
                "raw": 575.3798202411698
            },
            "output": {
                "raw": 627.9071751244308
            },
            "triggered_links": [
                "L_04_05"
            ]
        },
        {
            "step": 6,
            "block_id": "B_READVAR_05",
            "class": "ReadVar",
            "duration_ms": 9,
            "input": {
                "raw": 627.9071751244308
            },
            "output": {
                "raw": 642.3466418480338
            },
            "triggered_links": [
                "L_05_06"
            ]
        },
        {
            "step": 7,
            "block_id": "B_AGGREGATE_06",
            "class": "Aggregate",
            "duration_ms": 4567,
            "input": {
                "raw": 642.3466418480338
            },
            "output": {
                "raw": 616.4190473804244
            },
            "triggered_links": [
                "L_06_07"
            ]
        },
        {
            "step": 8,
            "block_id": "B_WRITEVAR_07",
            "class": "WriteVar",
            "duration_ms": 13,
            "input": {
                "raw": 616.4190473804244
            },
            "output": {
                "raw": 623.4685774329107
            },
            "triggered_links": [
                "L_07_08"
            ]
        },
        {
            "step": 9,
            "block_id": "B_IF_08",
            "class": "If",
            "duration_ms": 3,
            "input": {
                "raw": 623.4685774329107
            },
            "output": {
                "raw": 643.6751804500522
            },
            "triggered_links": []
        }
    ],
    "link_data": [
        {
            "link_id": "L_00_01",
            "traversed": true,
            "value": 647.6743513750902
        },
        {
            "link_id": "L_01_02",
            "traversed": true,
            "value": 623.3722811410088
        },
        {
            "link_id": "L_02_03",
            "traversed": true,
            "value": 564.69617955526
        },
        {
            "link_id": "L_03_04",
            "traversed": true,
            "value": 575.3798202411698
        },
        {
            "link_id": "L_04_05",
            "traversed": true,
            "value": 627.9071751244308
        },
        {
            "link_id": "L_05_06",
            "traversed": true,
            "value": 642.3466418480338
        },
        {
            "link_id": "L_06_07",
            "traversed": true,
            "value": 616.4190473804244
        },
        {
            "link_id": "L_07_08",
            "traversed": true,
            "value": 623.4685774329107
        }
    ]
}