{
    "run_info": {
        "run_id": "SET5-R39-164BA8",
        "graph_id": "GRAPH_41",
        "status": "SUCCESS",
        "total_ms": 3635,
        "timestamp": "2026-02-07T22:06:46.967027"
    },
    "execution_trace": [
        {
            "step": 1,
            "block_id": "B_WRITEVAR_00",
            "class": "WriteVar",
            "duration_ms": 6,
            "input": {
                "raw": 768.1188054914315
            },
            "output": {
                "raw": 701.6666303169382
            },
            "triggered_links": [
                "L_00_01"
            ]
        },
        {
            "step": 2,
            "block_id": "B_EXTERNALCALL_01",
            "class": "ExternalCall",
            "duration_ms": 2095,
            "input": {
                "raw": 701.6666303169382
            },
            "output": {
                "raw": 689.8640027747796
            },
            "triggered_links": [
                "L_01_02"
            ]
        },
        {
            "step": 3,
            "block_id": "B_FILTER_02",
            "class": "Filter",
            "duration_ms": 266,
            "input": {
                "raw": 689.8640027747796
            },
            "output": {
                "raw": 636.4296887281245
            },
            "triggered_links": [
                "L_02_03"
            ]
        },
        {
            "step": 4,
            "block_id": "B_WRITEVAR_03",
            "class": "WriteVar",
            "duration_ms": 10,
            "input": {
                "raw": 636.4296887281245
            },
            "output": {
                "raw": 598.0108759737846
            },
            "triggered_links": [
                "L_03_04"
            ]
        },
        {
            "step": 5,
            "block_id": "B_FILTER_04",
            "class": "Filter",
            "duration_ms": 5,
            "input": {
                "raw": 598.0108759737846
            },
            "output": {
                "raw": 645.1756859573912
            },
            "triggered_links": [
                "L_04_05"
            ]
        },
        {
            "step": 6,
            "block_id": "B_FILTER_05",
            "class": "Filter",
            "duration_ms": 13,
            "input": {
                "raw": 645.1756859573912
            },
            "output": {
                "raw": 693.0964869834395
            },
            "triggered_links": [
                "L_05_06"
            ]
        },
        {
            "step": 7,
            "block_id": "B_TRANSFORMER_06",
            "class": "Transformer",
            "duration_ms": 21,
            "input": {
                "raw": 693.0964869834395
            },
            "output": {
                "raw": 667.4234107777256
            },
            "triggered_links": [
                "L_06_07"
            ]
        },
        {
            "step": 8,
            "block_id": "B_WRITEVAR_07",
            "class": "WriteVar",
            "duration_ms": 3,
            "input": {
                "raw": 667.4234107777256
            },
            "output": {
                "raw": 722.2172010660036
            },
            "triggered_links": [
                "L_07_08"
            ]
        },
        {
            "step": 9,
            "block_id": "B_WRITEVAR_08",
            "class": "WriteVar",
            "duration_ms": 11,
            "input": {
                "raw": 722.2172010660036
            },
            "output": {
                "raw": 763.5123764243403
            },
            "triggered_links": [
                "L_08_09"
            ]
        },
        {
            "step": 10,
            "block_id": "B_EXTERNALCALL_09",
            "class": "ExternalCall",
            "duration_ms": 1199,
            "input": {
                "raw": 763.5123764243403
            },
            "output": {
                "raw": 720.3170005154475
            },
            "triggered_links": [
                "L_09_10"
            ]
        },
        {
            "step": 11,
            "block_id": "B_DIVIDE_10",
            "class": "Divide",
            "duration_ms": 6,
            "input": {
                "raw": 720.3170005154475
            },
            "output": {
                "raw": 654.1411585690237
            },
            "triggered_links": []
        }
    ],
    "link_data": [
        {
            "link_id": "L_00_01",
            "traversed": true,
            "value": 701.6666303169382
        },
        {
            "link_id": "L_01_02",
            "traversed": true,
            "value": 689.8640027747796
        },
        {
            "link_id": "L_02_03",
            "traversed": true,
            "value": 636.4296887281245
        },
        {
            "link_id": "L_03_04",
            "traversed": true,
            "value": 598.0108759737846
        },
        {
            "link_id": "L_04_05",
            "traversed": true,
            "value": 645.1756859573912
        },
        {
            "link_id": "L_05_06",
            "traversed": true,
            "value": 693.0964869834395
        },
        {
            "link_id": "L_06_07",
            "traversed": true,
            "value": 667.4234107777256
        },
        {
            "link_id": "L_07_08",
            "traversed": true,
            "value": 722.2172010660036
        },
        {
            "link_id": "L_08_09",
            "traversed": true,
            "value": 763.5123764243403
        },
        {
            "link_id": "L_09_10",
            "traversed": true,
            "value": 720.3170005154475
        }
    ]
}