{
    "run_info": {
        "run_id": "SET5-R11-6F6C85",
        "graph_id": "GRAPH_51",
        "status": "SUCCESS",
        "total_ms": 6791,
        "timestamp": "2026-02-05T04:06:46.949355"
    },
    "execution_trace": [
        {
            "step": 1,
            "block_id": "B_DIVIDE_00",
            "class": "Divide",
            "duration_ms": 12,
            "input": {
                "raw": 936.4530215926474
            },
            "output": {
                "raw": 997.2625686081606
            },
            "triggered_links": [
                "L_00_01"
            ]
        },
        {
            "step": 2,
            "block_id": "B_FILTER_01",
            "class": "Filter",
            "duration_ms": 21,
            "input": {
                "raw": 997.2625686081606
            },
            "output": {
                "raw": 988.903719356976
            },
            "triggered_links": [
                "L_01_02"
            ]
        },
        {
            "step": 3,
            "block_id": "B_TRANSFORMER_02",
            "class": "Transformer",
            "duration_ms": 19,
            "input": {
                "raw": 988.903719356976
            },
            "output": {
                "raw": 929.0914897454558
            },
            "triggered_links": [
                "L_02_03"
            ]
        },
        {
            "step": 4,
            "block_id": "B_TRANSFORMER_03",
            "class": "Transformer",
            "duration_ms": 7,
            "input": {
                "raw": 929.0914897454558
            },
            "output": {
                "raw": 870.0834130280239
            },
            "triggered_links": [
                "L_03_04"
            ]
        },
        {
            "step": 5,
            "block_id": "B_AGGREGATE_04",
            "class": "Aggregate",
            "duration_ms": 4593,
            "input": {
                "raw": 870.0834130280239
            },
            "output": {
                "raw": 911.1257046524332
            },
            "triggered_links": [
                "L_04_05"
            ]
        },
        {
            "step": 6,
            "block_id": "B_READVAR_05",
            "class": "ReadVar",
            "duration_ms": 1,
            "input": {
                "raw": 911.1257046524332
            },
            "output": {
                "raw": 931.5672400093716
            },
            "triggered_links": [
                "L_05_06"
            ]
        },
        {
            "step": 7,
            "block_id": "B_FILTER_06",
            "class": "Filter",
            "duration_ms": 22,
            "input": {
                "raw": 931.5672400093716
            },
            "output": {
                "raw": 983.5406433648492
            },
            "triggered_links": [
                "L_06_07"
            ]
        },
        {
            "step": 8,
            "block_id": "B_EXTERNALCALL_07",
            "class": "ExternalCall",
            "duration_ms": 2008,
            "input": {
                "raw": 983.5406433648492
            },
            "output": {
                "raw": 1022.2343864926827
            },
            "triggered_links": [
                "L_07_08"
            ]
        },
        {
            "step": 9,
            "block_id": "B_FILTER_08",
            "class": "Filter",
            "duration_ms": 12,
            "input": {
                "raw": 1022.2343864926827
            },
            "output": {
                "raw": 1106.1021899661823
            },
            "triggered_links": [
                "L_08_09"
            ]
        },
        {
            "step": 10,
            "block_id": "B_VALIDATOR_09",
            "class": "Validator",
            "duration_ms": 46,
            "input": {
                "raw": 1106.1021899661823
            },
            "output": {
                "raw": 1010.9510267975229
            },
            "triggered_links": [
                "L_09_10"
            ]
        },
        {
            "step": 11,
            "block_id": "B_READVAR_10",
            "class": "ReadVar",
            "duration_ms": 2,
            "input": {
                "raw": 1010.9510267975229
            },
            "output": {
                "raw": 965.9895215388951
            },
            "triggered_links": [
                "L_10_11"
            ]
        },
        {
            "step": 12,
            "block_id": "B_VALIDATOR_11",
            "class": "Validator",
            "duration_ms": 6,
            "input": {
                "raw": 965.9895215388951
            },
            "output": {
                "raw": 914.1189439842874
            },
            "triggered_links": [
                "L_11_12"
            ]
        },
        {
            "step": 13,
            "block_id": "B_WRITEVAR_12",
            "class": "WriteVar",
            "duration_ms": 10,
            "input": {
                "raw": 914.1189439842874
            },
            "output": {
                "raw": 851.680610223864
            },
            "triggered_links": [
                "L_12_13"
            ]
        },
        {
            "step": 14,
            "block_id": "B_FILTER_13",
            "class": "Filter",
            "duration_ms": 9,
            "input": {
                "raw": 851.680610223864
            },
            "output": {
                "raw": 782.3646979852825
            },
            "triggered_links": [
                "L_13_14"
            ]
        },
        {
            "step": 15,
            "block_id": "B_FILTER_14",
            "class": "Filter",
            "duration_ms": 23,
            "input": {
                "raw": 782.3646979852825
            },
            "output": {
                "raw": 853.237316276089
            },
            "triggered_links": []
        }
    ],
    "link_data": [
        {
            "link_id": "L_00_01",
            "traversed": true,
            "value": 997.2625686081606
        },
        {
            "link_id": "L_01_02",
            "traversed": true,
            "value": 988.903719356976
        },
        {
            "link_id": "L_02_03",
            "traversed": true,
            "value": 929.0914897454558
        },
        {
            "link_id": "L_03_04",
            "traversed": true,
            "value": 870.0834130280239
        },
        {
            "link_id": "L_04_05",
            "traversed": true,
            "value": 911.1257046524332
        },
        {
            "link_id": "L_05_06",
            "traversed": true,
            "value": 931.5672400093716
        },
        {
            "link_id": "L_06_07",
            "traversed": true,
            "value": 983.5406433648492
        },
        {
            "link_id": "L_07_08",
            "traversed": true,
            "value": 1022.2343864926827
        },
        {
            "link_id": "L_08_09",
            "traversed": true,
            "value": 1106.1021899661823
        },
        {
            "link_id": "L_09_10",
            "traversed": true,
            "value": 1010.9510267975229
        },
        {
            "link_id": "L_10_11",
            "traversed": true,
            "value": 965.9895215388951
        },
        {
            "link_id": "L_11_12",
            "traversed": true,
            "value": 914.1189439842874
        },
        {
            "link_id": "L_12_13",
            "traversed": true,
            "value": 851.680610223864
        },
        {
            "link_id": "L_13_14",
            "traversed": true,
            "value": 782.3646979852825
        }
    ]
}