{
    "run_info": {
        "run_id": "SET5-R00-42D091",
        "graph_id": "GRAPH_91",
        "status": "SUCCESS",
        "total_ms": 4328,
        "timestamp": "2026-02-05T10:06:46.942432"
    },
    "execution_trace": [
        {
            "step": 1,
            "block_id": "B_READVAR_00",
            "class": "ReadVar",
            "duration_ms": 8,
            "input": {
                "raw": 746.4023675979396
            },
            "output": {
                "raw": 802.5958937522462
            },
            "triggered_links": [
                "L_00_01"
            ]
        },
        {
            "step": 2,
            "block_id": "B_VALIDATOR_01",
            "class": "Validator",
            "duration_ms": 26,
            "input": {
                "raw": 802.5958937522462
            },
            "output": {
                "raw": 859.3436105599716
            },
            "triggered_links": [
                "L_01_02"
            ]
        },
        {
            "step": 3,
            "block_id": "B_VALIDATOR_02",
            "class": "Validator",
            "duration_ms": 1,
            "input": {
                "raw": 859.3436105599716
            },
            "output": {
                "raw": 889.785373376396
            },
            "triggered_links": [
                "L_02_03"
            ]
        },
        {
            "step": 4,
            "block_id": "B_EXTERNALCALL_03",
            "class": "ExternalCall",
            "duration_ms": 1641,
            "input": {
                "raw": 889.785373376396
            },
            "output": {
                "raw": 818.1687086876819
            },
            "triggered_links": [
                "L_03_04"
            ]
        },
        {
            "step": 5,
            "block_id": "B_MULTIPLY_04",
            "class": "Multiply",
            "duration_ms": 6,
            "input": {
                "raw": 818.1687086876819
            },
            "output": {
                "raw": 745.5715929823534
            },
            "triggered_links": [
                "L_04_05"
            ]
        },
        {
            "step": 6,
            "block_id": "B_VALIDATOR_05",
            "class": "Validator",
            "duration_ms": 42,
            "input": {
                "raw": 745.5715929823534
            },
            "output": {
                "raw": 702.0557856461446
            },
            "triggered_links": [
                "L_05_06"
            ]
        },
        {
            "step": 7,
            "block_id": "B_EXTERNALCALL_06",
            "class": "ExternalCall",
            "duration_ms": 2604,
            "input": {
                "raw": 702.0557856461446
            },
            "output": {
                "raw": 639.1671311892142
            },
            "triggered_links": []
        }
    ],
    "link_data": [
        {
            "link_id": "L_00_01",
            "traversed": true,
            "value": 802.5958937522462
        },
        {
            "link_id": "L_01_02",
            "traversed": true,
            "value": 859.3436105599716
        },
        {
            "link_id": "L_02_03",
            "traversed": true,
            "value": 889.785373376396
        },
        {
            "link_id": "L_03_04",
            "traversed": true,
            "value": 818.1687086876819
        },
        {
            "link_id": "L_04_05",
            "traversed": true,
            "value": 745.5715929823534
        },
        {
            "link_id": "L_05_06",
            "traversed": true,
            "value": 702.0557856461446
        }
    ]
}