{
    "run_info": {
        "run_id": "SET2-R29-05ECD2",
        "graph_id": "GRAPH_31",
        "status": "TIMEOUT",
        "total_ms": 4641,
        "timestamp": "2026-02-15T13:06:46.863935"
    },
    "execution_trace": [
        {
            "step": 1,
            "block_id": "B_WRITEVAR_00",
            "class": "WriteVar",
            "duration_ms": 3,
            "input": {
                "raw": 507.7166695145238
            },
            "output": {
                "raw": 552.8375859402595
            },
            "triggered_links": [
                "L_00_01"
            ]
        },
        {
            "step": 2,
            "block_id": "B_READVAR_01",
            "class": "ReadVar",
            "duration_ms": 10,
            "input": {
                "raw": 552.8375859402595
            },
            "output": {
                "raw": 537.1708535202304
            },
            "triggered_links": [
                "L_01_02"
            ]
        },
        {
            "step": 3,
            "block_id": "B_WRITEVAR_02",
            "class": "WriteVar",
            "duration_ms": 16,
            "input": {
                "raw": 537.1708535202304
            },
            "output": {
                "raw": 571.8167546063412
            },
            "triggered_links": [
                "L_02_03"
            ]
        },
        {
            "step": 4,
            "block_id": "B_TRANSFORMER_03",
            "class": "Transformer",
            "duration_ms": 17,
            "input": {
                "raw": 571.8167546063412
            },
            "output": {
                "raw": 516.9734964658602
            },
            "triggered_links": [
                "L_03_04"
            ]
        },
        {
            "step": 5,
            "block_id": "B_TRANSFORMER_04",
            "class": "Transformer",
            "duration_ms": 40,
            "input": {
                "raw": 516.9734964658602
            },
            "output": {
                "raw": 473.0477465019625
            },
            "triggered_links": [
                "L_04_05"
            ]
        },
        {
            "step": 6,
            "block_id": "B_VALIDATOR_05",
            "class": "Validator",
            "duration_ms": 39,
            "input": {
                "raw": 473.0477465019625
            },
            "output": {
                "raw": 463.28498192975695
            },
            "triggered_links": [
                "L_05_06"
            ]
        },
        {
            "step": 7,
            "block_id": "B_TRANSFORMER_06",
            "class": "Transformer",
            "duration_ms": 22,
            "input": {
                "raw": 463.28498192975695
            },
            "output": {
                "raw": 439.8393622085998
            },
            "triggered_links": [
                "L_06_07"
            ]
        },
        {
            "step": 8,
            "block_id": "B_FILTER_07",
            "class": "Filter",
            "duration_ms": 15,
            "input": {
                "raw": 439.8393622085998
            },
            "output": {
                "raw": 400.98944366910973
            },
            "triggered_links": [
                "L_07_08"
            ]
        },
        {
            "step": 9,
            "block_id": "B_TRANSFORMER_08",
            "class": "Transformer",
            "duration_ms": 41,
            "input": {
                "raw": 400.98944366910973
            },
            "output": {
                "raw": 388.1221570825131
            },
            "triggered_links": [
                "L_08_09"
            ]
        },
        {
            "step": 10,
            "block_id": "B_WRITEVAR_09",
            "class": "WriteVar",
            "duration_ms": 6,
            "input": {
                "raw": 388.1221570825131
            },
            "output": {
                "raw": 364.51329393708477
            },
            "triggered_links": [
                "L_09_10"
            ]
        },
        {
            "step": 11,
            "block_id": "B_MULTIPLY_10",
            "class": "Multiply",
            "duration_ms": 24,
            "input": {
                "raw": 364.51329393708477
            },
            "output": {
                "raw": 353.4325186697955
            },
            "triggered_links": [
                "L_10_11"
            ]
        },
        {
            "step": 12,
            "block_id": "B_AGGREGATE_11",
            "class": "Aggregate",
            "duration_ms": 4378,
            "input": {
                "raw": 353.4325186697955
            },
            "output": {
                "raw": 354.29204219991357
            },
            "triggered_links": [
                "L_11_12"
            ]
        },
        {
            "step": 13,
            "block_id": "B_IF_12",
            "class": "If",
            "duration_ms": 8,
            "input": {
                "raw": 354.29204219991357
            },
            "output": {
                "raw": 382.6477437981384
            },
            "triggered_links": [
                "L_12_13"
            ]
        },
        {
            "step": 14,
            "block_id": "B_TRANSFORMER_13",
            "class": "Transformer",
            "duration_ms": 22,
            "input": {
                "raw": 382.6477437981384
            },
            "output": {
                "raw": 350.4980753327641
            },
            "triggered_links": []
        }
    ],
    "link_data": [
        {
            "link_id": "L_00_01",
            "traversed": true,
            "value": 552.8375859402595
        },
        {
            "link_id": "L_01_02",
            "traversed": true,
            "value": 537.1708535202304
        },
        {
            "link_id": "L_02_03",
            "traversed": true,
            "value": 571.8167546063412
        },
        {
            "link_id": "L_03_04",
            "traversed": true,
            "value": 516.9734964658602
        },
        {
            "link_id": "L_04_05",
            "traversed": true,
            "value": 473.0477465019625
        },
        {
            "link_id": "L_05_06",
            "traversed": true,
            "value": 463.28498192975695
        },
        {
            "link_id": "L_06_07",
            "traversed": true,
            "value": 439.8393622085998
        },
        {
            "link_id": "L_07_08",
            "traversed": true,
            "value": 400.98944366910973
        },
        {
            "link_id": "L_08_09",
            "traversed": true,
            "value": 388.1221570825131
        },
        {
            "link_id": "L_09_10",
            "traversed": true,
            "value": 364.51329393708477
        },
        {
            "link_id": "L_10_11",
            "traversed": true,
            "value": 353.4325186697955
        },
        {
            "link_id": "L_11_12",
            "traversed": true,
            "value": 354.29204219991357
        },
        {
            "link_id": "L_12_13",
            "traversed": true,
            "value": 382.6477437981384
        }
    ]
}