{
    "run_info": {
        "run_id": "SET2-R41-BFBC6E",
        "graph_id": "GRAPH_95",
        "status": "SUCCESS",
        "total_ms": 94301,
        "timestamp": "2026-02-07T10:06:46.871412"
    },
    "execution_trace": [
        {
            "step": 1,
            "block_id": "B_FILTER_00",
            "class": "Filter",
            "duration_ms": 29,
            "input": {
                "raw": 36.64137339514452
            },
            "output": {
                "raw": 33.3714746411368
            },
            "triggered_links": [
                "L_00_01"
            ]
        },
        {
            "step": 2,
            "block_id": "B_TRANSFORMER_01",
            "class": "Transformer",
            "duration_ms": 34,
            "input": {
                "raw": 33.3714746411368
            },
            "output": {
                "raw": 34.661945147472075
            },
            "triggered_links": [
                "L_01_02"
            ]
        },
        {
            "step": 3,
            "block_id": "B_TRANSFORMER_02",
            "class": "Transformer",
            "duration_ms": 17,
            "input": {
                "raw": 34.661945147472075
            },
            "output": {
                "raw": 32.1337604861005
            },
            "triggered_links": [
                "L_02_03"
            ]
        },
        {
            "step": 4,
            "block_id": "B_MULTIPLY_03",
            "class": "Multiply",
            "duration_ms": 14,
            "input": {
                "raw": 32.1337604861005
            },
            "output": {
                "raw": 39.83023910343363
            },
            "triggered_links": [
                "L_03_04"
            ]
        },
        {
            "step": 5,
            "block_id": "B_EXTERNALCALL_04",
            "class": "ExternalCall",
            "duration_ms": 979,
            "input": {
                "raw": 39.83023910343363
            },
            "output": {
                "raw": 32.03891396246134
            },
            "triggered_links": [
                "L_04_05"
            ]
        },
        {
            "step": 6,
            "block_id": "B_IF_05",
            "class": "If",
            "duration_ms": 5,
            "input": {
                "raw": 32.03891396246134
            },
            "output": {
                "raw": 30.249818780123217
            },
            "triggered_links": [
                "L_05_06"
            ]
        },
        {
            "step": 7,
            "block_id": "B_READVAR_06",
            "class": "ReadVar",
            "duration_ms": 9,
            "input": {
                "raw": 30.249818780123217
            },
            "output": {
                "raw": 34.01710963306817
            },
            "triggered_links": [
                "L_06_07"
            ]
        },
        {
            "step": 8,
            "block_id": "B_AGGREGATE_07",
            "class": "Aggregate",
            "duration_ms": 2136,
            "input": {
                "raw": 34.01710963306817
            },
            "output": {
                "raw": 32.52495690631326
            },
            "triggered_links": [
                "L_07_08"
            ]
        },
        {
            "step": 9,
            "block_id": "B_AGGREGATE_08",
            "class": "Aggregate",
            "duration_ms": 1789,
            "input": {
                "raw": 32.52495690631326
            },
            "output": {
                "raw": 36.93288993000058
            },
            "triggered_links": [
                "L_08_09"
            ]
        },
        {
            "step": 10,
            "block_id": "B_TRANSFORMER_09",
            "class": "Transformer",
            "duration_ms": 13,
            "input": {
                "raw": 36.93288993000058
            },
            "output": {
                "raw": 34.77291930546906
            },
            "triggered_links": [
                "L_09_10"
            ]
        },
        {
            "step": 11,
            "block_id": "B_AGGREGATE_10",
            "class": "Aggregate",
            "duration_ms": 89276,
            "input": {
                "raw": 34.77291930546906
            },
            "output": {
                "raw": 39.8363853387789
            },
            "triggered_links": []
        }
    ],
    "link_data": [
        {
            "link_id": "L_00_01",
            "traversed": true,
            "value": 33.3714746411368
        },
        {
            "link_id": "L_01_02",
            "traversed": true,
            "value": 34.661945147472075
        },
        {
            "link_id": "L_02_03",
            "traversed": true,
            "value": 32.1337604861005
        },
        {
            "link_id": "L_03_04",
            "traversed": true,
            "value": 39.83023910343363
        },
        {
            "link_id": "L_04_05",
            "traversed": true,
            "value": 32.03891396246134
        },
        {
            "link_id": "L_05_06",
            "traversed": true,
            "value": 30.249818780123217
        },
        {
            "link_id": "L_06_07",
            "traversed": true,
            "value": 34.01710963306817
        },
        {
            "link_id": "L_07_08",
            "traversed": true,
            "value": 32.52495690631326
        },
        {
            "link_id": "L_08_09",
            "traversed": true,
            "value": 36.93288993000058
        },
        {
            "link_id": "L_09_10",
            "traversed": true,
            "value": 34.77291930546906
        }
    ]
}