{
    "run_info": {
        "run_id": "SET2-R28-D2459B",
        "graph_id": "GRAPH_34",
        "status": "SUCCESS",
        "total_ms": 1128,
        "timestamp": "2026-02-01T17:06:46.863249"
    },
    "execution_trace": [
        {
            "step": 1,
            "block_id": "B_READVAR_00",
            "class": "ReadVar",
            "duration_ms": 10,
            "input": {
                "raw": 168.3032744974633
            },
            "output": {
                "raw": 186.17196740315683
            },
            "triggered_links": [
                "L_00_01"
            ]
        },
        {
            "step": 2,
            "block_id": "B_TRANSFORMER_01",
            "class": "Transformer",
            "duration_ms": 35,
            "input": {
                "raw": 186.17196740315683
            },
            "output": {
                "raw": 181.7625187042725
            },
            "triggered_links": [
                "L_01_02"
            ]
        },
        {
            "step": 3,
            "block_id": "B_FILTER_02",
            "class": "Filter",
            "duration_ms": 14,
            "input": {
                "raw": 181.7625187042725
            },
            "output": {
                "raw": 193.73698974284673
            },
            "triggered_links": [
                "L_02_03"
            ]
        },
        {
            "step": 4,
            "block_id": "B_READVAR_03",
            "class": "ReadVar",
            "duration_ms": 13,
            "input": {
                "raw": 193.73698974284673
            },
            "output": {
                "raw": 204.4673809400888
            },
            "triggered_links": [
                "L_03_04"
            ]
        },
        {
            "step": 5,
            "block_id": "B_TRANSFORMER_04",
            "class": "Transformer",
            "duration_ms": 10,
            "input": {
                "raw": 204.4673809400888
            },
            "output": {
                "raw": 217.87868743514596
            },
            "triggered_links": [
                "L_04_05"
            ]
        },
        {
            "step": 6,
            "block_id": "B_DIVIDE_05",
            "class": "Divide",
            "duration_ms": 16,
            "input": {
                "raw": 217.87868743514596
            },
            "output": {
                "raw": 221.02698379767958
            },
            "triggered_links": [
                "L_05_06"
            ]
        },
        {
            "step": 7,
            "block_id": "B_EXTERNALCALL_06",
            "class": "ExternalCall",
            "duration_ms": 985,
            "input": {
                "raw": 221.02698379767958
            },
            "output": {
                "raw": 219.56291223330518
            },
            "triggered_links": [
                "L_06_07"
            ]
        },
        {
            "step": 8,
            "block_id": "B_MULTIPLY_07",
            "class": "Multiply",
            "duration_ms": 19,
            "input": {
                "raw": 219.56291223330518
            },
            "output": {
                "raw": 238.48818194536847
            },
            "triggered_links": [
                "L_07_08"
            ]
        },
        {
            "step": 9,
            "block_id": "B_MULTIPLY_08",
            "class": "Multiply",
            "duration_ms": 15,
            "input": {
                "raw": 238.48818194536847
            },
            "output": {
                "raw": 229.5976543190475
            },
            "triggered_links": [
                "L_08_09"
            ]
        },
        {
            "step": 10,
            "block_id": "B_READVAR_09",
            "class": "ReadVar",
            "duration_ms": 11,
            "input": {
                "raw": 229.5976543190475
            },
            "output": {
                "raw": 223.32682861597021
            },
            "triggered_links": []
        }
    ],
    "link_data": [
        {
            "link_id": "L_00_01",
            "traversed": true,
            "value": 186.17196740315683
        },
        {
            "link_id": "L_01_02",
            "traversed": true,
            "value": 181.7625187042725
        },
        {
            "link_id": "L_02_03",
            "traversed": true,
            "value": 193.73698974284673
        },
        {
            "link_id": "L_03_04",
            "traversed": true,
            "value": 204.4673809400888
        },
        {
            "link_id": "L_04_05",
            "traversed": true,
            "value": 217.87868743514596
        },
        {
            "link_id": "L_05_06",
            "traversed": true,
            "value": 221.02698379767958
        },
        {
            "link_id": "L_06_07",
            "traversed": true,
            "value": 219.56291223330518
        },
        {
            "link_id": "L_07_08",
            "traversed": true,
            "value": 238.48818194536847
        },
        {
            "link_id": "L_08_09",
            "traversed": true,
            "value": 229.5976543190475
        }
    ]
}