{
    "run_info": {
        "run_id": "SET2-R16-EB2612",
        "graph_id": "GRAPH_23",
        "status": "SUCCESS",
        "total_ms": 1649,
        "timestamp": "2026-02-09T08:06:46.855121"
    },
    "execution_trace": [
        {
            "step": 1,
            "block_id": "B_DIVIDE_00",
            "class": "Divide",
            "duration_ms": 11,
            "input": {
                "raw": 749.612266607814
            },
            "output": {
                "raw": 800.1073295608616
            },
            "triggered_links": [
                "L_00_01"
            ]
        },
        {
            "step": 2,
            "block_id": "B_TRANSFORMER_01",
            "class": "Transformer",
            "duration_ms": 45,
            "input": {
                "raw": 800.1073295608616
            },
            "output": {
                "raw": 799.8668491781136
            },
            "triggered_links": [
                "L_01_02"
            ]
        },
        {
            "step": 3,
            "block_id": "B_FILTER_02",
            "class": "Filter",
            "duration_ms": 21,
            "input": {
                "raw": 799.8668491781136
            },
            "output": {
                "raw": 860.3799729142809
            },
            "triggered_links": [
                "L_02_03"
            ]
        },
        {
            "step": 4,
            "block_id": "B_WRITEVAR_03",
            "class": "WriteVar",
            "duration_ms": 6,
            "input": {
                "raw": 860.3799729142809
            },
            "output": {
                "raw": 927.8877218257077
            },
            "triggered_links": [
                "L_03_04"
            ]
        },
        {
            "step": 5,
            "block_id": "B_WRITEVAR_04",
            "class": "WriteVar",
            "duration_ms": 7,
            "input": {
                "raw": 927.8877218257077
            },
            "output": {
                "raw": 988.3081932467798
            },
            "triggered_links": [
                "L_04_05"
            ]
        },
        {
            "step": 6,
            "block_id": "B_EXTERNALCALL_05",
            "class": "ExternalCall",
            "duration_ms": 1499,
            "input": {
                "raw": 988.3081932467798
            },
            "output": {
                "raw": 1077.2757391479897
            },
            "triggered_links": [
                "L_05_06"
            ]
        },
        {
            "step": 7,
            "block_id": "B_VALIDATOR_06",
            "class": "Validator",
            "duration_ms": 30,
            "input": {
                "raw": 1077.2757391479897
            },
            "output": {
                "raw": 1126.8569241570174
            },
            "triggered_links": [
                "L_06_07"
            ]
        },
        {
            "step": 8,
            "block_id": "B_READVAR_07",
            "class": "ReadVar",
            "duration_ms": 8,
            "input": {
                "raw": 1126.8569241570174
            },
            "output": {
                "raw": 1173.7673248371295
            },
            "triggered_links": [
                "L_07_08"
            ]
        },
        {
            "step": 9,
            "block_id": "B_FILTER_08",
            "class": "Filter",
            "duration_ms": 22,
            "input": {
                "raw": 1173.7673248371295
            },
            "output": {
                "raw": 1069.946586253397
            },
            "triggered_links": []
        }
    ],
    "link_data": [
        {
            "link_id": "L_00_01",
            "traversed": true,
            "value": 800.1073295608616
        },
        {
            "link_id": "L_01_02",
            "traversed": true,
            "value": 799.8668491781136
        },
        {
            "link_id": "L_02_03",
            "traversed": true,
            "value": 860.3799729142809
        },
        {
            "link_id": "L_03_04",
            "traversed": true,
            "value": 927.8877218257077
        },
        {
            "link_id": "L_04_05",
            "traversed": true,
            "value": 988.3081932467798
        },
        {
            "link_id": "L_05_06",
            "traversed": true,
            "value": 1077.2757391479897
        },
        {
            "link_id": "L_06_07",
            "traversed": true,
            "value": 1126.8569241570174
        },
        {
            "link_id": "L_07_08",
            "traversed": true,
            "value": 1173.7673248371295
        }
    ]
}