{
    "run_info": {
        "run_id": "SET2-R30-4983D9",
        "graph_id": "GRAPH_23",
        "status": "SUCCESS",
        "total_ms": 4337,
        "timestamp": "2026-02-10T00:06:46.864707"
    },
    "execution_trace": [
        {
            "step": 1,
            "block_id": "B_VALIDATOR_00",
            "class": "Validator",
            "duration_ms": 28,
            "input": {
                "raw": 839.5753149020111
            },
            "output": {
                "raw": 819.9377352171119
            },
            "triggered_links": [
                "L_00_01"
            ]
        },
        {
            "step": 2,
            "block_id": "B_DIVIDE_01",
            "class": "Divide",
            "duration_ms": 11,
            "input": {
                "raw": 819.9377352171119
            },
            "output": {
                "raw": 881.558068193486
            },
            "triggered_links": [
                "L_01_02"
            ]
        },
        {
            "step": 3,
            "block_id": "B_TRANSFORMER_02",
            "class": "Transformer",
            "duration_ms": 30,
            "input": {
                "raw": 881.558068193486
            },
            "output": {
                "raw": 830.3406605959356
            },
            "triggered_links": [
                "L_02_03"
            ]
        },
        {
            "step": 4,
            "block_id": "B_IF_03",
            "class": "If",
            "duration_ms": 3,
            "input": {
                "raw": 830.3406605959356
            },
            "output": {
                "raw": 830.9567917484993
            },
            "triggered_links": [
                "L_03_04"
            ]
        },
        {
            "step": 5,
            "block_id": "B_MULTIPLY_04",
            "class": "Multiply",
            "duration_ms": 10,
            "input": {
                "raw": 830.9567917484993
            },
            "output": {
                "raw": 829.4423695250667
            },
            "triggered_links": [
                "L_04_05"
            ]
        },
        {
            "step": 6,
            "block_id": "B_AGGREGATE_05",
            "class": "Aggregate",
            "duration_ms": 4145,
            "input": {
                "raw": 829.4423695250667
            },
            "output": {
                "raw": 876.2419269944568
            },
            "triggered_links": [
                "L_05_06"
            ]
        },
        {
            "step": 7,
            "block_id": "B_FILTER_06",
            "class": "Filter",
            "duration_ms": 30,
            "input": {
                "raw": 876.2419269944568
            },
            "output": {
                "raw": 857.6698829134974
            },
            "triggered_links": [
                "L_06_07"
            ]
        },
        {
            "step": 8,
            "block_id": "B_WRITEVAR_07",
            "class": "WriteVar",
            "duration_ms": 3,
            "input": {
                "raw": 857.6698829134974
            },
            "output": {
                "raw": 811.812901015292
            },
            "triggered_links": [
                "L_07_08"
            ]
        },
        {
            "step": 9,
            "block_id": "B_FILTER_08",
            "class": "Filter",
            "duration_ms": 23,
            "input": {
                "raw": 811.812901015292
            },
            "output": {
                "raw": 776.4032364312333
            },
            "triggered_links": [
                "L_08_09"
            ]
        },
        {
            "step": 10,
            "block_id": "B_VALIDATOR_09",
            "class": "Validator",
            "duration_ms": 24,
            "input": {
                "raw": 776.4032364312333
            },
            "output": {
                "raw": 718.7434286956741
            },
            "triggered_links": [
                "L_09_10"
            ]
        },
        {
            "step": 11,
            "block_id": "B_WRITEVAR_10",
            "class": "WriteVar",
            "duration_ms": 11,
            "input": {
                "raw": 718.7434286956741
            },
            "output": {
                "raw": 655.4665476217843
            },
            "triggered_links": [
                "L_10_11"
            ]
        },
        {
            "step": 12,
            "block_id": "B_VALIDATOR_11",
            "class": "Validator",
            "duration_ms": 19,
            "input": {
                "raw": 655.4665476217843
            },
            "output": {
                "raw": 604.3031173011202
            },
            "triggered_links": []
        }
    ],
    "link_data": [
        {
            "link_id": "L_00_01",
            "traversed": true,
            "value": 819.9377352171119
        },
        {
            "link_id": "L_01_02",
            "traversed": true,
            "value": 881.558068193486
        },
        {
            "link_id": "L_02_03",
            "traversed": true,
            "value": 830.3406605959356
        },
        {
            "link_id": "L_03_04",
            "traversed": true,
            "value": 830.9567917484993
        },
        {
            "link_id": "L_04_05",
            "traversed": true,
            "value": 829.4423695250667
        },
        {
            "link_id": "L_05_06",
            "traversed": true,
            "value": 876.2419269944568
        },
        {
            "link_id": "L_06_07",
            "traversed": true,
            "value": 857.6698829134974
        },
        {
            "link_id": "L_07_08",
            "traversed": true,
            "value": 811.812901015292
        },
        {
            "link_id": "L_08_09",
            "traversed": true,
            "value": 776.4032364312333
        },
        {
            "link_id": "L_09_10",
            "traversed": true,
            "value": 718.7434286956741
        },
        {
            "link_id": "L_10_11",
            "traversed": true,
            "value": 655.4665476217843
        }
    ]
}