{
    "run_info": {
        "run_id": "SET2-R11-27FB0F",
        "graph_id": "GRAPH_43",
        "status": "SUCCESS",
        "total_ms": 8296,
        "timestamp": "2026-02-09T15:06:46.851908"
    },
    "execution_trace": [
        {
            "step": 1,
            "block_id": "B_IF_00",
            "class": "If",
            "duration_ms": 8,
            "input": {
                "raw": 66.18456002144809
            },
            "output": {
                "raw": 63.474708118935496
            },
            "triggered_links": [
                "L_00_01"
            ]
        },
        {
            "step": 2,
            "block_id": "B_DIVIDE_01",
            "class": "Divide",
            "duration_ms": 16,
            "input": {
                "raw": 63.474708118935496
            },
            "output": {
                "raw": 69.66740253215903
            },
            "triggered_links": [
                "L_01_02"
            ]
        },
        {
            "step": 3,
            "block_id": "B_MULTIPLY_02",
            "class": "Multiply",
            "duration_ms": 20,
            "input": {
                "raw": 69.66740253215903
            },
            "output": {
                "raw": 71.99588861271396
            },
            "triggered_links": [
                "L_02_03"
            ]
        },
        {
            "step": 4,
            "block_id": "B_DIVIDE_03",
            "class": "Divide",
            "duration_ms": 18,
            "input": {
                "raw": 71.99588861271396
            },
            "output": {
                "raw": 64.5407304045963
            },
            "triggered_links": [
                "L_03_04"
            ]
        },
        {
            "step": 5,
            "block_id": "B_EXTERNALCALL_04",
            "class": "ExternalCall",
            "duration_ms": 2183,
            "input": {
                "raw": 64.5407304045963
            },
            "output": {
                "raw": 55.697308757826384
            },
            "triggered_links": [
                "L_04_05"
            ]
        },
        {
            "step": 6,
            "block_id": "B_EXTERNALCALL_05",
            "class": "ExternalCall",
            "duration_ms": 981,
            "input": {
                "raw": 55.697308757826384
            },
            "output": {
                "raw": 54.873388581017934
            },
            "triggered_links": [
                "L_05_06"
            ]
        },
        {
            "step": 7,
            "block_id": "B_READVAR_06",
            "class": "ReadVar",
            "duration_ms": 11,
            "input": {
                "raw": 54.873388581017934
            },
            "output": {
                "raw": 52.79414824226027
            },
            "triggered_links": [
                "L_06_07"
            ]
        },
        {
            "step": 8,
            "block_id": "B_READVAR_07",
            "class": "ReadVar",
            "duration_ms": 8,
            "input": {
                "raw": 52.79414824226027
            },
            "output": {
                "raw": 55.132007087744135
            },
            "triggered_links": [
                "L_07_08"
            ]
        },
        {
            "step": 9,
            "block_id": "B_AGGREGATE_08",
            "class": "Aggregate",
            "duration_ms": 5015,
            "input": {
                "raw": 55.132007087744135
            },
            "output": {
                "raw": 51.008444390299
            },
            "triggered_links": [
                "L_08_09"
            ]
        },
        {
            "step": 10,
            "block_id": "B_IF_09",
            "class": "If",
            "duration_ms": 5,
            "input": {
                "raw": 51.008444390299
            },
            "output": {
                "raw": 46.45659922346045
            },
            "triggered_links": [
                "L_09_10"
            ]
        },
        {
            "step": 11,
            "block_id": "B_READVAR_10",
            "class": "ReadVar",
            "duration_ms": 12,
            "input": {
                "raw": 46.45659922346045
            },
            "output": {
                "raw": 52.051014423555955
            },
            "triggered_links": [
                "L_10_11"
            ]
        },
        {
            "step": 12,
            "block_id": "B_DIVIDE_11",
            "class": "Divide",
            "duration_ms": 19,
            "input": {
                "raw": 52.051014423555955
            },
            "output": {
                "raw": 43.89544531952623
            },
            "triggered_links": []
        }
    ],
    "link_data": [
        {
            "link_id": "L_00_01",
            "traversed": true,
            "value": 63.474708118935496
        },
        {
            "link_id": "L_01_02",
            "traversed": true,
            "value": 69.66740253215903
        },
        {
            "link_id": "L_02_03",
            "traversed": true,
            "value": 71.99588861271396
        },
        {
            "link_id": "L_03_04",
            "traversed": true,
            "value": 64.5407304045963
        },
        {
            "link_id": "L_04_05",
            "traversed": true,
            "value": 55.697308757826384
        },
        {
            "link_id": "L_05_06",
            "traversed": true,
            "value": 54.873388581017934
        },
        {
            "link_id": "L_06_07",
            "traversed": true,
            "value": 52.79414824226027
        },
        {
            "link_id": "L_07_08",
            "traversed": true,
            "value": 55.132007087744135
        },
        {
            "link_id": "L_08_09",
            "traversed": true,
            "value": 51.008444390299
        },
        {
            "link_id": "L_09_10",
            "traversed": true,
            "value": 46.45659922346045
        },
        {
            "link_id": "L_10_11",
            "traversed": true,
            "value": 52.051014423555955
        }
    ]
}