{
    "run_info": {
        "run_id": "SET2-R14-A519A8",
        "graph_id": "GRAPH_72",
        "status": "SUCCESS",
        "total_ms": 5378,
        "timestamp": "2026-02-03T11:06:46.853944"
    },
    "execution_trace": [
        {
            "step": 1,
            "block_id": "B_TRANSFORMER_00",
            "class": "Transformer",
            "duration_ms": 30,
            "input": {
                "raw": 240.61278853628184
            },
            "output": {
                "raw": 224.60123642311004
            },
            "triggered_links": [
                "L_00_01"
            ]
        },
        {
            "step": 2,
            "block_id": "B_WRITEVAR_01",
            "class": "WriteVar",
            "duration_ms": 7,
            "input": {
                "raw": 224.60123642311004
            },
            "output": {
                "raw": 204.600186366154
            },
            "triggered_links": [
                "L_01_02"
            ]
        },
        {
            "step": 3,
            "block_id": "B_VALIDATOR_02",
            "class": "Validator",
            "duration_ms": 17,
            "input": {
                "raw": 204.600186366154
            },
            "output": {
                "raw": 186.97300083446515
            },
            "triggered_links": [
                "L_02_03"
            ]
        },
        {
            "step": 4,
            "block_id": "B_IF_03",
            "class": "If",
            "duration_ms": 8,
            "input": {
                "raw": 186.97300083446515
            },
            "output": {
                "raw": 183.14289876679368
            },
            "triggered_links": [
                "L_03_04"
            ]
        },
        {
            "step": 5,
            "block_id": "B_DIVIDE_04",
            "class": "Divide",
            "duration_ms": 15,
            "input": {
                "raw": 183.14289876679368
            },
            "output": {
                "raw": 183.19182516953984
            },
            "triggered_links": [
                "L_04_05"
            ]
        },
        {
            "step": 6,
            "block_id": "B_READVAR_05",
            "class": "ReadVar",
            "duration_ms": 10,
            "input": {
                "raw": 183.19182516953984
            },
            "output": {
                "raw": 189.687151589461
            },
            "triggered_links": [
                "L_05_06"
            ]
        },
        {
            "step": 7,
            "block_id": "B_WRITEVAR_06",
            "class": "WriteVar",
            "duration_ms": 8,
            "input": {
                "raw": 189.687151589461
            },
            "output": {
                "raw": 196.08460838205417
            },
            "triggered_links": [
                "L_06_07"
            ]
        },
        {
            "step": 8,
            "block_id": "B_FILTER_07",
            "class": "Filter",
            "duration_ms": 15,
            "input": {
                "raw": 196.08460838205417
            },
            "output": {
                "raw": 176.68036856727434
            },
            "triggered_links": [
                "L_07_08"
            ]
        },
        {
            "step": 9,
            "block_id": "B_AGGREGATE_08",
            "class": "Aggregate",
            "duration_ms": 2804,
            "input": {
                "raw": 176.68036856727434
            },
            "output": {
                "raw": 155.21425414693675
            },
            "triggered_links": [
                "L_08_09"
            ]
        },
        {
            "step": 10,
            "block_id": "B_EXTERNALCALL_09",
            "class": "ExternalCall",
            "duration_ms": 1971,
            "input": {
                "raw": 155.21425414693675
            },
            "output": {
                "raw": 159.02231104101733
            },
            "triggered_links": [
                "L_09_10"
            ]
        },
        {
            "step": 11,
            "block_id": "B_WRITEVAR_10",
            "class": "WriteVar",
            "duration_ms": 15,
            "input": {
                "raw": 159.02231104101733
            },
            "output": {
                "raw": 166.26201279217713
            },
            "triggered_links": [
                "L_10_11"
            ]
        },
        {
            "step": 12,
            "block_id": "B_TRANSFORMER_11",
            "class": "Transformer",
            "duration_ms": 28,
            "input": {
                "raw": 166.26201279217713
            },
            "output": {
                "raw": 169.88504424019413
            },
            "triggered_links": [
                "L_11_12"
            ]
        },
        {
            "step": 13,
            "block_id": "B_IF_12",
            "class": "If",
            "duration_ms": 450,
            "input": {
                "raw": 169.88504424019413
            },
            "output": {
                "raw": 164.64081366582707
            },
            "triggered_links": []
        }
    ],
    "link_data": [
        {
            "link_id": "L_00_01",
            "traversed": true,
            "value": 224.60123642311004
        },
        {
            "link_id": "L_01_02",
            "traversed": true,
            "value": 204.600186366154
        },
        {
            "link_id": "L_02_03",
            "traversed": true,
            "value": 186.97300083446515
        },
        {
            "link_id": "L_03_04",
            "traversed": true,
            "value": 183.14289876679368
        },
        {
            "link_id": "L_04_05",
            "traversed": true,
            "value": 183.19182516953984
        },
        {
            "link_id": "L_05_06",
            "traversed": true,
            "value": 189.687151589461
        },
        {
            "link_id": "L_06_07",
            "traversed": true,
            "value": 196.08460838205417
        },
        {
            "link_id": "L_07_08",
            "traversed": true,
            "value": 176.68036856727434
        },
        {
            "link_id": "L_08_09",
            "traversed": true,
            "value": 155.21425414693675
        },
        {
            "link_id": "L_09_10",
            "traversed": true,
            "value": 159.02231104101733
        },
        {
            "link_id": "L_10_11",
            "traversed": true,
            "value": 166.26201279217713
        },
        {
            "link_id": "L_11_12",
            "traversed": true,
            "value": 169.88504424019413
        }
    ]
}