{
    "run_info": {
        "run_id": "SET2-R12-6F7EBA",
        "graph_id": "GRAPH_30",
        "status": "SUCCESS",
        "total_ms": 8649,
        "timestamp": "2026-02-04T09:06:46.852635"
    },
    "execution_trace": [
        {
            "step": 1,
            "block_id": "B_FILTER_00",
            "class": "Filter",
            "duration_ms": 25,
            "input": {
                "raw": 393.9741909091926
            },
            "output": {
                "raw": 426.5693321278725
            },
            "triggered_links": [
                "L_00_01"
            ]
        },
        {
            "step": 2,
            "block_id": "B_DIVIDE_01",
            "class": "Divide",
            "duration_ms": 6,
            "input": {
                "raw": 426.5693321278725
            },
            "output": {
                "raw": 439.6738303068067
            },
            "triggered_links": [
                "L_01_02"
            ]
        },
        {
            "step": 3,
            "block_id": "B_DIVIDE_02",
            "class": "Divide",
            "duration_ms": 15,
            "input": {
                "raw": 439.6738303068067
            },
            "output": {
                "raw": 420.2361288310085
            },
            "triggered_links": [
                "L_02_03"
            ]
        },
        {
            "step": 4,
            "block_id": "B_AGGREGATE_03",
            "class": "Aggregate",
            "duration_ms": 3570,
            "input": {
                "raw": 420.2361288310085
            },
            "output": {
                "raw": 404.2995964954401
            },
            "triggered_links": [
                "L_03_04"
            ]
        },
        {
            "step": 5,
            "block_id": "B_WRITEVAR_04",
            "class": "WriteVar",
            "duration_ms": 11,
            "input": {
                "raw": 404.2995964954401
            },
            "output": {
                "raw": 397.55885860830347
            },
            "triggered_links": [
                "L_04_05"
            ]
        },
        {
            "step": 6,
            "block_id": "B_AGGREGATE_05",
            "class": "Aggregate",
            "duration_ms": 1605,
            "input": {
                "raw": 397.55885860830347
            },
            "output": {
                "raw": 368.3003847558366
            },
            "triggered_links": [
                "L_05_06"
            ]
        },
        {
            "step": 7,
            "block_id": "B_IF_06",
            "class": "If",
            "duration_ms": 1,
            "input": {
                "raw": 368.3003847558366
            },
            "output": {
                "raw": 384.0231493460465
            },
            "triggered_links": [
                "L_06_07"
            ]
        },
        {
            "step": 8,
            "block_id": "B_FILTER_07",
            "class": "Filter",
            "duration_ms": 31,
            "input": {
                "raw": 384.0231493460465
            },
            "output": {
                "raw": 405.7116805740702
            },
            "triggered_links": [
                "L_07_08"
            ]
        },
        {
            "step": 9,
            "block_id": "B_WRITEVAR_08",
            "class": "WriteVar",
            "duration_ms": 5,
            "input": {
                "raw": 405.7116805740702
            },
            "output": {
                "raw": 389.7749523287655
            },
            "triggered_links": [
                "L_08_09"
            ]
        },
        {
            "step": 10,
            "block_id": "B_AGGREGATE_09",
            "class": "Aggregate",
            "duration_ms": 3350,
            "input": {
                "raw": 389.7749523287655
            },
            "output": {
                "raw": 377.55324987765
            },
            "triggered_links": [
                "L_09_10"
            ]
        },
        {
            "step": 11,
            "block_id": "B_IF_10",
            "class": "If",
            "duration_ms": 8,
            "input": {
                "raw": 377.55324987765
            },
            "output": {
                "raw": 398.173226746302
            },
            "triggered_links": [
                "L_10_11"
            ]
        },
        {
            "step": 12,
            "block_id": "B_WRITEVAR_11",
            "class": "WriteVar",
            "duration_ms": 7,
            "input": {
                "raw": 398.173226746302
            },
            "output": {
                "raw": 428.2392293891417
            },
            "triggered_links": [
                "L_11_12"
            ]
        },
        {
            "step": 13,
            "block_id": "B_DIVIDE_12",
            "class": "Divide",
            "duration_ms": 5,
            "input": {
                "raw": 428.2392293891417
            },
            "output": {
                "raw": 431.51117480541023
            },
            "triggered_links": [
                "L_12_13"
            ]
        },
        {
            "step": 14,
            "block_id": "B_READVAR_13",
            "class": "ReadVar",
            "duration_ms": 10,
            "input": {
                "raw": 431.51117480541023
            },
            "output": {
                "raw": 464.4078372716552
            },
            "triggered_links": []
        }
    ],
    "link_data": [
        {
            "link_id": "L_00_01",
            "traversed": true,
            "value": 426.5693321278725
        },
        {
            "link_id": "L_01_02",
            "traversed": true,
            "value": 439.6738303068067
        },
        {
            "link_id": "L_02_03",
            "traversed": true,
            "value": 420.2361288310085
        },
        {
            "link_id": "L_03_04",
            "traversed": true,
            "value": 404.2995964954401
        },
        {
            "link_id": "L_04_05",
            "traversed": true,
            "value": 397.55885860830347
        },
        {
            "link_id": "L_05_06",
            "traversed": true,
            "value": 368.3003847558366
        },
        {
            "link_id": "L_06_07",
            "traversed": true,
            "value": 384.0231493460465
        },
        {
            "link_id": "L_07_08",
            "traversed": true,
            "value": 405.7116805740702
        },
        {
            "link_id": "L_08_09",
            "traversed": true,
            "value": 389.7749523287655
        },
        {
            "link_id": "L_09_10",
            "traversed": true,
            "value": 377.55324987765
        },
        {
            "link_id": "L_10_11",
            "traversed": true,
            "value": 398.173226746302
        },
        {
            "link_id": "L_11_12",
            "traversed": true,
            "value": 428.2392293891417
        },
        {
            "link_id": "L_12_13",
            "traversed": true,
            "value": 431.51117480541023
        }
    ]
}