{
    "run_info": {
        "run_id": "SET2-R32-EBFB55",
        "graph_id": "GRAPH_77",
        "status": "TIMEOUT",
        "total_ms": 3529,
        "timestamp": "2026-02-09T08:06:46.866038"
    },
    "execution_trace": [
        {
            "step": 1,
            "block_id": "B_WRITEVAR_00",
            "class": "WriteVar",
            "duration_ms": 15,
            "input": {
                "raw": 228.99853336822716
            },
            "output": {
                "raw": 224.4488215957967
            },
            "triggered_links": [
                "L_00_01"
            ]
        },
        {
            "step": 2,
            "block_id": "B_TRANSFORMER_01",
            "class": "Transformer",
            "duration_ms": 42,
            "input": {
                "raw": 224.4488215957967
            },
            "output": {
                "raw": 217.99088560425866
            },
            "triggered_links": [
                "L_01_02"
            ]
        },
        {
            "step": 3,
            "block_id": "B_IF_02",
            "class": "If",
            "duration_ms": 3,
            "input": {
                "raw": 217.99088560425866
            },
            "output": {
                "raw": 239.52921616959426
            },
            "triggered_links": [
                "L_02_03"
            ]
        },
        {
            "step": 4,
            "block_id": "B_VALIDATOR_03",
            "class": "Validator",
            "duration_ms": 31,
            "input": {
                "raw": 239.52921616959426
            },
            "output": {
                "raw": 247.04453445513903
            },
            "triggered_links": [
                "L_03_04"
            ]
        },
        {
            "step": 5,
            "block_id": "B_VALIDATOR_04",
            "class": "Validator",
            "duration_ms": 16,
            "input": {
                "raw": 247.04453445513903
            },
            "output": {
                "raw": 260.1540282750283
            },
            "triggered_links": [
                "L_04_05"
            ]
        },
        {
            "step": 6,
            "block_id": "B_FILTER_05",
            "class": "Filter",
            "duration_ms": 24,
            "input": {
                "raw": 260.1540282750283
            },
            "output": {
                "raw": 268.77648218142957
            },
            "triggered_links": [
                "L_05_06"
            ]
        },
        {
            "step": 7,
            "block_id": "B_MULTIPLY_06",
            "class": "Multiply",
            "duration_ms": 11,
            "input": {
                "raw": 268.77648218142957
            },
            "output": {
                "raw": 275.86204579116736
            },
            "triggered_links": [
                "L_06_07"
            ]
        },
        {
            "step": 8,
            "block_id": "B_READVAR_07",
            "class": "ReadVar",
            "duration_ms": 13,
            "input": {
                "raw": 275.86204579116736
            },
            "output": {
                "raw": 275.24260959762256
            },
            "triggered_links": [
                "L_07_08"
            ]
        },
        {
            "step": 9,
            "block_id": "B_DIVIDE_08",
            "class": "Divide",
            "duration_ms": 9,
            "input": {
                "raw": 275.24260959762256
            },
            "output": {
                "raw": 295.30604374794035
            },
            "triggered_links": [
                "L_08_09"
            ]
        },
        {
            "step": 10,
            "block_id": "B_AGGREGATE_09",
            "class": "Aggregate",
            "duration_ms": 3342,
            "input": {
                "raw": 295.30604374794035
            },
            "output": {
                "raw": 309.7136797072496
            },
            "triggered_links": [
                "L_09_10"
            ]
        },
        {
            "step": 11,
            "block_id": "B_VALIDATOR_10",
            "class": "Validator",
            "duration_ms": 13,
            "input": {
                "raw": 309.7136797072496
            },
            "output": {
                "raw": 331.0252669591817
            },
            "triggered_links": [
                "L_10_11"
            ]
        },
        {
            "step": 12,
            "block_id": "B_VALIDATOR_11",
            "class": "Validator",
            "duration_ms": 10,
            "input": {
                "raw": 331.0252669591817
            },
            "output": {
                "raw": 324.19509314113424
            },
            "triggered_links": [
                "L_11_12"
            ]
        }
    ],
    "link_data": [
        {
            "link_id": "L_00_01",
            "traversed": true,
            "value": 224.4488215957967
        },
        {
            "link_id": "L_01_02",
            "traversed": true,
            "value": 217.99088560425866
        },
        {
            "link_id": "L_02_03",
            "traversed": true,
            "value": 239.52921616959426
        },
        {
            "link_id": "L_03_04",
            "traversed": true,
            "value": 247.04453445513903
        },
        {
            "link_id": "L_04_05",
            "traversed": true,
            "value": 260.1540282750283
        },
        {
            "link_id": "L_05_06",
            "traversed": true,
            "value": 268.77648218142957
        },
        {
            "link_id": "L_06_07",
            "traversed": true,
            "value": 275.86204579116736
        },
        {
            "link_id": "L_07_08",
            "traversed": true,
            "value": 275.24260959762256
        },
        {
            "link_id": "L_08_09",
            "traversed": true,
            "value": 295.30604374794035
        },
        {
            "link_id": "L_09_10",
            "traversed": true,
            "value": 309.7136797072496
        },
        {
            "link_id": "L_10_11",
            "traversed": true,
            "value": 331.0252669591817
        },
        {
            "link_id": "L_11_12",
            "traversed": true,
            "value": 324.19509314113424
        }
    ]
}