{
    "run_info": {
        "run_id": "SET2-R49-4CDB79",
        "graph_id": "GRAPH_44",
        "status": "SUCCESS",
        "total_ms": 3889,
        "timestamp": "2026-02-04T05:06:46.876779"
    },
    "execution_trace": [
        {
            "step": 1,
            "block_id": "B_MULTIPLY_00",
            "class": "Multiply",
            "duration_ms": 17,
            "input": {
                "raw": 791.3323378451335
            },
            "output": {
                "raw": 832.7065071574845
            },
            "triggered_links": [
                "L_00_01"
            ]
        },
        {
            "step": 2,
            "block_id": "B_VALIDATOR_01",
            "class": "Validator",
            "duration_ms": 40,
            "input": {
                "raw": 832.7065071574845
            },
            "output": {
                "raw": 791.5427204726647
            },
            "triggered_links": [
                "L_01_02"
            ]
        },
        {
            "step": 3,
            "block_id": "B_FILTER_02",
            "class": "Filter",
            "duration_ms": 28,
            "input": {
                "raw": 791.5427204726647
            },
            "output": {
                "raw": 808.7061662585998
            },
            "triggered_links": [
                "L_02_03"
            ]
        },
        {
            "step": 4,
            "block_id": "B_AGGREGATE_03",
            "class": "Aggregate",
            "duration_ms": 2904,
            "input": {
                "raw": 808.7061662585998
            },
            "output": {
                "raw": 872.1319285417165
            },
            "triggered_links": [
                "L_03_04"
            ]
        },
        {
            "step": 5,
            "block_id": "B_WRITEVAR_04",
            "class": "WriteVar",
            "duration_ms": 12,
            "input": {
                "raw": 872.1319285417165
            },
            "output": {
                "raw": 856.921589350714
            },
            "triggered_links": [
                "L_04_05"
            ]
        },
        {
            "step": 6,
            "block_id": "B_IF_05",
            "class": "If",
            "duration_ms": 5,
            "input": {
                "raw": 856.921589350714
            },
            "output": {
                "raw": 845.481911788303
            },
            "triggered_links": [
                "L_05_06"
            ]
        },
        {
            "step": 7,
            "block_id": "B_TRANSFORMER_06",
            "class": "Transformer",
            "duration_ms": 42,
            "input": {
                "raw": 845.481911788303
            },
            "output": {
                "raw": 769.9760600112181
            },
            "triggered_links": [
                "L_06_07"
            ]
        },
        {
            "step": 8,
            "block_id": "B_WRITEVAR_07",
            "class": "WriteVar",
            "duration_ms": 2,
            "input": {
                "raw": 769.9760600112181
            },
            "output": {
                "raw": 731.1725326701611
            },
            "triggered_links": [
                "L_07_08"
            ]
        },
        {
            "step": 9,
            "block_id": "B_WRITEVAR_08",
            "class": "WriteVar",
            "duration_ms": 10,
            "input": {
                "raw": 731.1725326701611
            },
            "output": {
                "raw": 788.8342402397944
            },
            "triggered_links": [
                "L_08_09"
            ]
        },
        {
            "step": 10,
            "block_id": "B_WRITEVAR_09",
            "class": "WriteVar",
            "duration_ms": 12,
            "input": {
                "raw": 788.8342402397944
            },
            "output": {
                "raw": 864.5655301168288
            },
            "triggered_links": [
                "L_09_10"
            ]
        },
        {
            "step": 11,
            "block_id": "B_FILTER_10",
            "class": "Filter",
            "duration_ms": 12,
            "input": {
                "raw": 864.5655301168288
            },
            "output": {
                "raw": 913.8824494614605
            },
            "triggered_links": [
                "L_10_11"
            ]
        },
        {
            "step": 12,
            "block_id": "B_EXTERNALCALL_11",
            "class": "ExternalCall",
            "duration_ms": 795,
            "input": {
                "raw": 913.8824494614605
            },
            "output": {
                "raw": 972.4320964606113
            },
            "triggered_links": [
                "L_11_12"
            ]
        },
        {
            "step": 13,
            "block_id": "B_IF_12",
            "class": "If",
            "duration_ms": 1,
            "input": {
                "raw": 972.4320964606113
            },
            "output": {
                "raw": 898.1313863903104
            },
            "triggered_links": [
                "L_12_13"
            ]
        },
        {
            "step": 14,
            "block_id": "B_READVAR_13",
            "class": "ReadVar",
            "duration_ms": 9,
            "input": {
                "raw": 898.1313863903104
            },
            "output": {
                "raw": 825.4168842127267
            },
            "triggered_links": []
        }
    ],
    "link_data": [
        {
            "link_id": "L_00_01",
            "traversed": true,
            "value": 832.7065071574845
        },
        {
            "link_id": "L_01_02",
            "traversed": true,
            "value": 791.5427204726647
        },
        {
            "link_id": "L_02_03",
            "traversed": true,
            "value": 808.7061662585998
        },
        {
            "link_id": "L_03_04",
            "traversed": true,
            "value": 872.1319285417165
        },
        {
            "link_id": "L_04_05",
            "traversed": true,
            "value": 856.921589350714
        },
        {
            "link_id": "L_05_06",
            "traversed": true,
            "value": 845.481911788303
        },
        {
            "link_id": "L_06_07",
            "traversed": true,
            "value": 769.9760600112181
        },
        {
            "link_id": "L_07_08",
            "traversed": true,
            "value": 731.1725326701611
        },
        {
            "link_id": "L_08_09",
            "traversed": true,
            "value": 788.8342402397944
        },
        {
            "link_id": "L_09_10",
            "traversed": true,
            "value": 864.5655301168288
        },
        {
            "link_id": "L_10_11",
            "traversed": true,
            "value": 913.8824494614605
        },
        {
            "link_id": "L_11_12",
            "traversed": true,
            "value": 972.4320964606113
        },
        {
            "link_id": "L_12_13",
            "traversed": true,
            "value": 898.1313863903104
        }
    ]
}