{
    "run_info": {
        "run_id": "SET1-R22-637445",
        "graph_id": "GRAPH_29",
        "status": "SUCCESS",
        "total_ms": 8520,
        "timestamp": "2026-02-09T18:06:46.824873"
    },
    "execution_trace": [
        {
            "step": 1,
            "block_id": "B_FILTER_00",
            "class": "Filter",
            "duration_ms": 15,
            "input": {
                "raw": 126.98966262088007
            },
            "output": {
                "raw": 130.83702237697062
            },
            "triggered_links": [
                "L_00_01"
            ]
        },
        {
            "step": 2,
            "block_id": "B_MULTIPLY_01",
            "class": "Multiply",
            "duration_ms": 19,
            "input": {
                "raw": 130.83702237697062
            },
            "output": {
                "raw": 128.60427368249628
            },
            "triggered_links": [
                "L_01_02"
            ]
        },
        {
            "step": 3,
            "block_id": "B_DIVIDE_02",
            "class": "Divide",
            "duration_ms": 9,
            "input": {
                "raw": 128.60427368249628
            },
            "output": {
                "raw": 122.70101706647671
            },
            "triggered_links": [
                "L_02_03"
            ]
        },
        {
            "step": 4,
            "block_id": "B_TRANSFORMER_03",
            "class": "Transformer",
            "duration_ms": 400,
            "input": {
                "raw": 122.70101706647671
            },
            "output": {
                "raw": 114.87320463490356
            },
            "triggered_links": [
                "L_03_04"
            ]
        },
        {
            "step": 5,
            "block_id": "B_AGGREGATE_04",
            "class": "Aggregate",
            "duration_ms": 3137,
            "input": {
                "raw": 114.87320463490356
            },
            "output": {
                "raw": 120.28774407748834
            },
            "triggered_links": [
                "L_04_05"
            ]
        },
        {
            "step": 6,
            "block_id": "B_AGGREGATE_05",
            "class": "Aggregate",
            "duration_ms": 4925,
            "input": {
                "raw": 120.28774407748834
            },
            "output": {
                "raw": 112.43299017016287
            },
            "triggered_links": [
                "L_05_06"
            ]
        },
        {
            "step": 7,
            "block_id": "B_FILTER_06",
            "class": "Filter",
            "duration_ms": 11,
            "input": {
                "raw": 112.43299017016287
            },
            "output": {
                "raw": 124.47643489674287
            },
            "triggered_links": [
                "L_06_07"
            ]
        },
        {
            "step": 8,
            "block_id": "B_IF_07",
            "class": "If",
            "duration_ms": 4,
            "input": {
                "raw": 124.47643489674287
            },
            "output": {
                "raw": 122.63400759642872
            },
            "triggered_links": []
        }
    ],
    "link_data": [
        {
            "link_id": "L_00_01",
            "traversed": true,
            "value": 130.83702237697062
        },
        {
            "link_id": "L_01_02",
            "traversed": true,
            "value": 128.60427368249628
        },
        {
            "link_id": "L_02_03",
            "traversed": true,
            "value": 122.70101706647671
        },
        {
            "link_id": "L_03_04",
            "traversed": true,
            "value": 114.87320463490356
        },
        {
            "link_id": "L_04_05",
            "traversed": true,
            "value": 120.28774407748834
        },
        {
            "link_id": "L_05_06",
            "traversed": true,
            "value": 112.43299017016287
        },
        {
            "link_id": "L_06_07",
            "traversed": true,
            "value": 124.47643489674287
        }
    ]
}