{
    "run_info": {
        "run_id": "SET1-R09-C84D16",
        "graph_id": "GRAPH_59",
        "status": "SUCCESS",
        "total_ms": 53,
        "timestamp": "2026-02-11T08:06:46.816720"
    },
    "execution_trace": [
        {
            "step": 1,
            "block_id": "B_WRITEVAR_00",
            "class": "WriteVar",
            "duration_ms": 6,
            "input": {
                "raw": 546.94631240492
            },
            "output": {
                "raw": 542.8690032329986
            },
            "triggered_links": [
                "L_00_01"
            ]
        },
        {
            "step": 2,
            "block_id": "B_VALIDATOR_01",
            "class": "Validator",
            "duration_ms": 1,
            "input": {
                "raw": 542.8690032329986
            },
            "output": {
                "raw": 525.4741268680478
            },
            "triggered_links": [
                "L_01_02"
            ]
        },
        {
            "step": 3,
            "block_id": "B_MULTIPLY_02",
            "class": "Multiply",
            "duration_ms": 8,
            "input": {
                "raw": 525.4741268680478
            },
            "output": {
                "raw": 495.0414771264024
            },
            "triggered_links": [
                "L_02_03"
            ]
        },
        {
            "step": 4,
            "block_id": "B_DIVIDE_03",
            "class": "Divide",
            "duration_ms": 30,
            "input": {
                "raw": 495.0414771264024
            },
            "output": {
                "raw": 528.977984579361
            },
            "triggered_links": [
                "L_03_04"
            ]
        },
        {
            "step": 5,
            "block_id": "B_WRITEVAR_04",
            "class": "WriteVar",
            "duration_ms": 8,
            "input": {
                "raw": 528.977984579361
            },
            "output": {
                "raw": 549.4829604957307
            },
            "triggered_links": []
        }
    ],
    "link_data": [
        {
            "link_id": "L_00_01",
            "traversed": true,
            "value": 542.8690032329986
        },
        {
            "link_id": "L_01_02",
            "traversed": true,
            "value": 525.4741268680478
        },
        {
            "link_id": "L_02_03",
            "traversed": true,
            "value": 495.0414771264024
        },
        {
            "link_id": "L_03_04",
            "traversed": true,
            "value": 528.977984579361
        }
    ]
}