{
    "run_info": {
        "run_id": "SET1-R37-A00429",
        "graph_id": "GRAPH_65",
        "status": "SUCCESS",
        "total_ms": 608,
        "timestamp": "2026-02-12T02:06:46.834797"
    },
    "execution_trace": [
        {
            "step": 1,
            "block_id": "B_DIVIDE_00",
            "class": "Divide",
            "duration_ms": 15,
            "input": {
                "raw": 232.77713004189883
            },
            "output": {
                "raw": 207.80438024064426
            },
            "triggered_links": [
                "L_00_01"
            ]
        },
        {
            "step": 2,
            "block_id": "B_IF_01",
            "class": "If",
            "duration_ms": 3,
            "input": {
                "raw": 207.80438024064426
            },
            "output": {
                "raw": 186.76298694491484
            },
            "triggered_links": [
                "L_01_02"
            ]
        },
        {
            "step": 3,
            "block_id": "B_TRANSFORMER_02",
            "class": "Transformer",
            "duration_ms": 17,
            "input": {
                "raw": 186.76298694491484
            },
            "output": {
                "raw": 193.50027149451952
            },
            "triggered_links": [
                "L_02_03"
            ]
        },
        {
            "step": 4,
            "block_id": "B_TRANSFORMER_03",
            "class": "Transformer",
            "duration_ms": 5,
            "input": {
                "raw": 193.50027149451952
            },
            "output": {
                "raw": 185.00707489951662
            },
            "triggered_links": [
                "L_03_04"
            ]
        },
        {
            "step": 5,
            "block_id": "B_VALIDATOR_04",
            "class": "Validator",
            "duration_ms": 15,
            "input": {
                "raw": 185.00707489951662
            },
            "output": {
                "raw": 166.46502111277277
            },
            "triggered_links": [
                "L_04_05"
            ]
        },
        {
            "step": 6,
            "block_id": "B_DIVIDE_05",
            "class": "Divide",
            "duration_ms": 9,
            "input": {
                "raw": 166.46502111277277
            },
            "output": {
                "raw": 147.35871232996408
            },
            "triggered_links": [
                "L_05_06"
            ]
        },
        {
            "step": 7,
            "block_id": "B_IF_06",
            "class": "If",
            "duration_ms": 120,
            "input": {
                "raw": 147.35871232996408
            },
            "output": {
                "raw": 142.3638364744652
            },
            "triggered_links": [
                "L_06_07"
            ]
        },
        {
            "step": 8,
            "block_id": "B_TRANSFORMER_07",
            "class": "Transformer",
            "duration_ms": 25,
            "input": {
                "raw": 142.3638364744652
            },
            "output": {
                "raw": 159.31232556498347
            },
            "triggered_links": [
                "L_07_08"
            ]
        },
        {
            "step": 9,
            "block_id": "B_WRITEVAR_08",
            "class": "WriteVar",
            "duration_ms": 12,
            "input": {
                "raw": 159.31232556498347
            },
            "output": {
                "raw": 152.1227032076735
            },
            "triggered_links": [
                "L_08_09"
            ]
        },
        {
            "step": 10,
            "block_id": "B_READVAR_09",
            "class": "ReadVar",
            "duration_ms": 18,
            "input": {
                "raw": 152.1227032076735
            },
            "output": {
                "raw": 158.62739731172007
            },
            "triggered_links": [
                "L_09_10"
            ]
        },
        {
            "step": 11,
            "block_id": "B_FILTER_10",
            "class": "Filter",
            "duration_ms": 361,
            "input": {
                "raw": 158.62739731172007
            },
            "output": {
                "raw": 146.92320904460257
            },
            "triggered_links": [
                "L_10_11"
            ]
        },
        {
            "step": 12,
            "block_id": "B_READVAR_11",
            "class": "ReadVar",
            "duration_ms": 8,
            "input": {
                "raw": 146.92320904460257
            },
            "output": {
                "raw": 143.0429057835453
            },
            "triggered_links": []
        }
    ],
    "link_data": [
        {
            "link_id": "L_00_01",
            "traversed": true,
            "value": 207.80438024064426
        },
        {
            "link_id": "L_01_02",
            "traversed": true,
            "value": 186.76298694491484
        },
        {
            "link_id": "L_02_03",
            "traversed": true,
            "value": 193.50027149451952
        },
        {
            "link_id": "L_03_04",
            "traversed": true,
            "value": 185.00707489951662
        },
        {
            "link_id": "L_04_05",
            "traversed": true,
            "value": 166.46502111277277
        },
        {
            "link_id": "L_05_06",
            "traversed": true,
            "value": 147.35871232996408
        },
        {
            "link_id": "L_06_07",
            "traversed": true,
            "value": 142.3638364744652
        },
        {
            "link_id": "L_07_08",
            "traversed": true,
            "value": 159.31232556498347
        },
        {
            "link_id": "L_08_09",
            "traversed": true,
            "value": 152.1227032076735
        },
        {
            "link_id": "L_09_10",
            "traversed": true,
            "value": 158.62739731172007
        },
        {
            "link_id": "L_10_11",
            "traversed": true,
            "value": 146.92320904460257
        }
    ]
}