{
    "run_info": {
        "run_id": "SET1-R20-346317",
        "graph_id": "GRAPH_55",
        "status": "SUCCESS",
        "total_ms": 8039,
        "timestamp": "2026-01-29T10:06:46.823406"
    },
    "execution_trace": [
        {
            "step": 1,
            "block_id": "B_TRANSFORMER_00",
            "class": "Transformer",
            "duration_ms": 24,
            "input": {
                "raw": 77.34465766805901
            },
            "output": {
                "raw": 74.75966257657198
            },
            "triggered_links": [
                "L_00_01"
            ]
        },
        {
            "step": 2,
            "block_id": "B_FILTER_01",
            "class": "Filter",
            "duration_ms": 651,
            "input": {
                "raw": 74.75966257657198
            },
            "output": {
                "raw": 73.35994753887765
            },
            "triggered_links": [
                "L_01_02"
            ]
        },
        {
            "step": 3,
            "block_id": "B_IF_02",
            "class": "If",
            "duration_ms": 6,
            "input": {
                "raw": 73.35994753887765
            },
            "output": {
                "raw": 75.85284825198565
            },
            "triggered_links": [
                "L_02_03"
            ]
        },
        {
            "step": 4,
            "block_id": "B_EXTERNALCALL_03",
            "class": "ExternalCall",
            "duration_ms": 2329,
            "input": {
                "raw": 75.85284825198565
            },
            "output": {
                "raw": 72.72730564593441
            },
            "triggered_links": [
                "L_03_04"
            ]
        },
        {
            "step": 5,
            "block_id": "B_WRITEVAR_04",
            "class": "WriteVar",
            "duration_ms": 13,
            "input": {
                "raw": 72.72730564593441
            },
            "output": {
                "raw": 72.417330567824
            },
            "triggered_links": [
                "L_04_05"
            ]
        },
        {
            "step": 6,
            "block_id": "B_EXTERNALCALL_05",
            "class": "ExternalCall",
            "duration_ms": 1151,
            "input": {
                "raw": 72.417330567824
            },
            "output": {
                "raw": 79.40580530094638
            },
            "triggered_links": [
                "L_05_06"
            ]
        },
        {
            "step": 7,
            "block_id": "B_TRANSFORMER_06",
            "class": "Transformer",
            "duration_ms": 25,
            "input": {
                "raw": 79.40580530094638
            },
            "output": {
                "raw": 70.46030454223217
            },
            "triggered_links": [
                "L_06_07"
            ]
        },
        {
            "step": 8,
            "block_id": "B_READVAR_07",
            "class": "ReadVar",
            "duration_ms": 12,
            "input": {
                "raw": 70.46030454223217
            },
            "output": {
                "raw": 78.86578330865481
            },
            "triggered_links": [
                "L_07_08"
            ]
        },
        {
            "step": 9,
            "block_id": "B_AGGREGATE_08",
            "class": "Aggregate",
            "duration_ms": 3771,
            "input": {
                "raw": 78.86578330865481
            },
            "output": {
                "raw": 83.95556522026192
            },
            "triggered_links": [
                "L_08_09"
            ]
        },
        {
            "step": 10,
            "block_id": "B_DIVIDE_09",
            "class": "Divide",
            "duration_ms": 18,
            "input": {
                "raw": 83.95556522026192
            },
            "output": {
                "raw": 87.50150212385645
            },
            "triggered_links": [
                "L_09_10"
            ]
        },
        {
            "step": 11,
            "block_id": "B_TRANSFORMER_10",
            "class": "Transformer",
            "duration_ms": 39,
            "input": {
                "raw": 87.50150212385645
            },
            "output": {
                "raw": 96.62725766420314
            },
            "triggered_links": []
        }
    ],
    "link_data": [
        {
            "link_id": "L_00_01",
            "traversed": true,
            "value": 74.75966257657198
        },
        {
            "link_id": "L_01_02",
            "traversed": true,
            "value": 73.35994753887765
        },
        {
            "link_id": "L_02_03",
            "traversed": true,
            "value": 75.85284825198565
        },
        {
            "link_id": "L_03_04",
            "traversed": true,
            "value": 72.72730564593441
        },
        {
            "link_id": "L_04_05",
            "traversed": true,
            "value": 72.417330567824
        },
        {
            "link_id": "L_05_06",
            "traversed": true,
            "value": 79.40580530094638
        },
        {
            "link_id": "L_06_07",
            "traversed": true,
            "value": 70.46030454223217
        },
        {
            "link_id": "L_07_08",
            "traversed": true,
            "value": 78.86578330865481
        },
        {
            "link_id": "L_08_09",
            "traversed": true,
            "value": 83.95556522026192
        },
        {
            "link_id": "L_09_10",
            "traversed": true,
            "value": 87.50150212385645
        }
    ]
}