{
    "run_info": {
        "run_id": "SET1-R27-E6D531",
        "graph_id": "GRAPH_37",
        "status": "SUCCESS",
        "total_ms": 3499,
        "timestamp": "2026-02-17T20:06:46.828604"
    },
    "execution_trace": [
        {
            "step": 1,
            "block_id": "B_EXTERNALCALL_00",
            "class": "ExternalCall",
            "duration_ms": 521,
            "input": {
                "raw": 624.4242267882729
            },
            "output": {
                "raw": 672.4688120137213
            },
            "triggered_links": [
                "L_00_01"
            ]
        },
        {
            "step": 2,
            "block_id": "B_IF_01",
            "class": "If",
            "duration_ms": 3,
            "input": {
                "raw": 672.4688120137213
            },
            "output": {
                "raw": 627.1532304236974
            },
            "triggered_links": [
                "L_01_02"
            ]
        },
        {
            "step": 3,
            "block_id": "B_MULTIPLY_02",
            "class": "Multiply",
            "duration_ms": 8,
            "input": {
                "raw": 627.1532304236974
            },
            "output": {
                "raw": 578.2858565503703
            },
            "triggered_links": [
                "L_02_03"
            ]
        },
        {
            "step": 4,
            "block_id": "B_MULTIPLY_03",
            "class": "Multiply",
            "duration_ms": 21,
            "input": {
                "raw": 578.2858565503703
            },
            "output": {
                "raw": 532.2968594607422
            },
            "triggered_links": [
                "L_03_04"
            ]
        },
        {
            "step": 5,
            "block_id": "B_FILTER_04",
            "class": "Filter",
            "duration_ms": 14,
            "input": {
                "raw": 532.2968594607422
            },
            "output": {
                "raw": 553.144003575819
            },
            "triggered_links": [
                "L_04_05"
            ]
        },
        {
            "step": 6,
            "block_id": "B_AGGREGATE_05",
            "class": "Aggregate",
            "duration_ms": 2924,
            "input": {
                "raw": 553.144003575819
            },
            "output": {
                "raw": 607.2377749639668
            },
            "triggered_links": [
                "L_05_06"
            ]
        },
        {
            "step": 7,
            "block_id": "B_WRITEVAR_06",
            "class": "WriteVar",
            "duration_ms": 8,
            "input": {
                "raw": 607.2377749639668
            },
            "output": {
                "raw": 590.8356179688335
            },
            "triggered_links": []
        }
    ],
    "link_data": [
        {
            "link_id": "L_00_01",
            "traversed": true,
            "value": 672.4688120137213
        },
        {
            "link_id": "L_01_02",
            "traversed": true,
            "value": 627.1532304236974
        },
        {
            "link_id": "L_02_03",
            "traversed": true,
            "value": 578.2858565503703
        },
        {
            "link_id": "L_03_04",
            "traversed": true,
            "value": 532.2968594607422
        },
        {
            "link_id": "L_04_05",
            "traversed": true,
            "value": 553.144003575819
        },
        {
            "link_id": "L_05_06",
            "traversed": true,
            "value": 607.2377749639668
        }
    ]
}