{
    "run_info": {
        "run_id": "SET1-R13-13E061",
        "graph_id": "GRAPH_63",
        "status": "SUCCESS",
        "total_ms": 4901,
        "timestamp": "2026-02-02T18:06:46.819184"
    },
    "execution_trace": [
        {
            "step": 1,
            "block_id": "B_DIVIDE_00",
            "class": "Divide",
            "duration_ms": 24,
            "input": {
                "raw": 343.7818789787307
            },
            "output": {
                "raw": 309.7057279794213
            },
            "triggered_links": [
                "L_00_01"
            ]
        },
        {
            "step": 2,
            "block_id": "B_EXTERNALCALL_01",
            "class": "ExternalCall",
            "duration_ms": 622,
            "input": {
                "raw": 309.7057279794213
            },
            "output": {
                "raw": 291.7093913730107
            },
            "triggered_links": [
                "L_01_02"
            ]
        },
        {
            "step": 3,
            "block_id": "B_IF_02",
            "class": "If",
            "duration_ms": 4,
            "input": {
                "raw": 291.7093913730107
            },
            "output": {
                "raw": 318.71020121654493
            },
            "triggered_links": [
                "L_02_03"
            ]
        },
        {
            "step": 4,
            "block_id": "B_WRITEVAR_03",
            "class": "WriteVar",
            "duration_ms": 7,
            "input": {
                "raw": 318.71020121654493
            },
            "output": {
                "raw": 312.76174746396237
            },
            "triggered_links": [
                "L_03_04"
            ]
        },
        {
            "step": 5,
            "block_id": "B_TRANSFORMER_04",
            "class": "Transformer",
            "duration_ms": 14,
            "input": {
                "raw": 312.76174746396237
            },
            "output": {
                "raw": 322.49430316185953
            },
            "triggered_links": [
                "L_04_05"
            ]
        },
        {
            "step": 6,
            "block_id": "B_WRITEVAR_05",
            "class": "WriteVar",
            "duration_ms": 12,
            "input": {
                "raw": 322.49430316185953
            },
            "output": {
                "raw": 346.7732492123972
            },
            "triggered_links": [
                "L_05_06"
            ]
        },
        {
            "step": 7,
            "block_id": "B_TRANSFORMER_06",
            "class": "Transformer",
            "duration_ms": 24,
            "input": {
                "raw": 346.7732492123972
            },
            "output": {
                "raw": 380.4611392802014
            },
            "triggered_links": [
                "L_06_07"
            ]
        },
        {
            "step": 8,
            "block_id": "B_VALIDATOR_07",
            "class": "Validator",
            "duration_ms": 30,
            "input": {
                "raw": 380.4611392802014
            },
            "output": {
                "raw": 410.6335784293609
            },
            "triggered_links": [
                "L_07_08"
            ]
        },
        {
            "step": 9,
            "block_id": "B_AGGREGATE_08",
            "class": "Aggregate",
            "duration_ms": 4100,
            "input": {
                "raw": 410.6335784293609
            },
            "output": {
                "raw": 386.50556197909714
            },
            "triggered_links": [
                "L_08_09"
            ]
        },
        {
            "step": 10,
            "block_id": "B_VALIDATOR_09",
            "class": "Validator",
            "duration_ms": 32,
            "input": {
                "raw": 386.50556197909714
            },
            "output": {
                "raw": 358.48625016486744
            },
            "triggered_links": [
                "L_09_10"
            ]
        },
        {
            "step": 11,
            "block_id": "B_FILTER_10",
            "class": "Filter",
            "duration_ms": 22,
            "input": {
                "raw": 358.48625016486744
            },
            "output": {
                "raw": 331.5639404615569
            },
            "triggered_links": [
                "L_10_11"
            ]
        },
        {
            "step": 12,
            "block_id": "B_WRITEVAR_11",
            "class": "WriteVar",
            "duration_ms": 10,
            "input": {
                "raw": 331.5639404615569
            },
            "output": {
                "raw": 311.23019115247234
            },
            "triggered_links": []
        }
    ],
    "link_data": [
        {
            "link_id": "L_00_01",
            "traversed": true,
            "value": 309.7057279794213
        },
        {
            "link_id": "L_01_02",
            "traversed": true,
            "value": 291.7093913730107
        },
        {
            "link_id": "L_02_03",
            "traversed": true,
            "value": 318.71020121654493
        },
        {
            "link_id": "L_03_04",
            "traversed": true,
            "value": 312.76174746396237
        },
        {
            "link_id": "L_04_05",
            "traversed": true,
            "value": 322.49430316185953
        },
        {
            "link_id": "L_05_06",
            "traversed": true,
            "value": 346.7732492123972
        },
        {
            "link_id": "L_06_07",
            "traversed": true,
            "value": 380.4611392802014
        },
        {
            "link_id": "L_07_08",
            "traversed": true,
            "value": 410.6335784293609
        },
        {
            "link_id": "L_08_09",
            "traversed": true,
            "value": 386.50556197909714
        },
        {
            "link_id": "L_09_10",
            "traversed": true,
            "value": 358.48625016486744
        },
        {
            "link_id": "L_10_11",
            "traversed": true,
            "value": 331.5639404615569
        }
    ]
}