{
    "run_info": {
        "run_id": "SET1-R47-7760AB",
        "graph_id": "GRAPH_98",
        "status": "SUCCESS",
        "total_ms": 5060,
        "timestamp": "2026-02-06T10:06:46.842216"
    },
    "execution_trace": [
        {
            "step": 1,
            "block_id": "B_DIVIDE_00",
            "class": "Divide",
            "duration_ms": 21,
            "input": {
                "raw": 560.8712579484065
            },
            "output": {
                "raw": 570.2236088199185
            },
            "triggered_links": [
                "L_00_01"
            ]
        },
        {
            "step": 2,
            "block_id": "B_EXTERNALCALL_01",
            "class": "ExternalCall",
            "duration_ms": 1,
            "input": {
                "raw": 570.2236088199185
            },
            "output": {
                "raw": 582.2925259535775
            },
            "triggered_links": [
                "L_01_02"
            ]
        },
        {
            "step": 3,
            "block_id": "B_DIVIDE_02",
            "class": "Divide",
            "duration_ms": 250,
            "input": {
                "raw": 582.2925259535775
            },
            "output": {
                "raw": 524.6311708207911
            },
            "triggered_links": [
                "L_02_03"
            ]
        },
        {
            "step": 4,
            "block_id": "B_DIVIDE_03",
            "class": "Divide",
            "duration_ms": 16,
            "input": {
                "raw": 524.6311708207911
            },
            "output": {
                "raw": 572.0308341708976
            },
            "triggered_links": [
                "L_03_04"
            ]
        },
        {
            "step": 5,
            "block_id": "B_IF_04",
            "class": "If",
            "duration_ms": 5,
            "input": {
                "raw": 572.0308341708976
            },
            "output": {
                "raw": 552.9934271849954
            },
            "triggered_links": [
                "L_04_05"
            ]
        },
        {
            "step": 6,
            "block_id": "B_VALIDATOR_05",
            "class": "Validator",
            "duration_ms": 20,
            "input": {
                "raw": 552.9934271849954
            },
            "output": {
                "raw": 596.5455703243299
            },
            "triggered_links": [
                "L_05_06"
            ]
        },
        {
            "step": 7,
            "block_id": "B_AGGREGATE_06",
            "class": "Aggregate",
            "duration_ms": 4714,
            "input": {
                "raw": 596.5455703243299
            },
            "output": {
                "raw": 585.8120664160647
            },
            "triggered_links": [
                "L_06_07"
            ]
        },
        {
            "step": 8,
            "block_id": "B_DIVIDE_07",
            "class": "Divide",
            "duration_ms": 14,
            "input": {
                "raw": 585.8120664160647
            },
            "output": {
                "raw": 598.5463552663409
            },
            "triggered_links": [
                "L_07_08"
            ]
        },
        {
            "step": 9,
            "block_id": "B_MULTIPLY_08",
            "class": "Multiply",
            "duration_ms": 19,
            "input": {
                "raw": 598.5463552663409
            },
            "output": {
                "raw": 624.0563020505302
            },
            "triggered_links": []
        }
    ],
    "link_data": [
        {
            "link_id": "L_00_01",
            "traversed": true,
            "value": 570.2236088199185
        },
        {
            "link_id": "L_01_02",
            "traversed": true,
            "value": 582.2925259535775
        },
        {
            "link_id": "L_02_03",
            "traversed": true,
            "value": 524.6311708207911
        },
        {
            "link_id": "L_03_04",
            "traversed": true,
            "value": 572.0308341708976
        },
        {
            "link_id": "L_04_05",
            "traversed": true,
            "value": 552.9934271849954
        },
        {
            "link_id": "L_05_06",
            "traversed": true,
            "value": 596.5455703243299
        },
        {
            "link_id": "L_06_07",
            "traversed": true,
            "value": 585.8120664160647
        },
        {
            "link_id": "L_07_08",
            "traversed": true,
            "value": 598.5463552663409
        }
    ]
}