{
    "run_info": {
        "run_id": "SET1-R42-FB325A",
        "graph_id": "GRAPH_61",
        "status": "SUCCESS",
        "total_ms": 136,
        "timestamp": "2026-02-12T12:06:46.838800"
    },
    "execution_trace": [
        {
            "step": 1,
            "block_id": "B_FILTER_00",
            "class": "Filter",
            "duration_ms": 33,
            "input": {
                "raw": 418.2521335068412
            },
            "output": {
                "raw": 396.18986166151836
            },
            "triggered_links": [
                "L_00_01"
            ]
        },
        {
            "step": 2,
            "block_id": "B_IF_01",
            "class": "If",
            "duration_ms": 2,
            "input": {
                "raw": 396.18986166151836
            },
            "output": {
                "raw": 436.51262868792134
            },
            "triggered_links": [
                "L_01_02"
            ]
        },
        {
            "step": 3,
            "block_id": "B_MULTIPLY_02",
            "class": "Multiply",
            "duration_ms": 9,
            "input": {
                "raw": 436.51262868792134
            },
            "output": {
                "raw": 465.5168865720484
            },
            "triggered_links": [
                "L_02_03"
            ]
        },
        {
            "step": 4,
            "block_id": "B_READVAR_03",
            "class": "ReadVar",
            "duration_ms": 11,
            "input": {
                "raw": 465.5168865720484
            },
            "output": {
                "raw": 455.4921557262815
            },
            "triggered_links": [
                "L_03_04"
            ]
        },
        {
            "step": 5,
            "block_id": "B_TRANSFORMER_04",
            "class": "Transformer",
            "duration_ms": 17,
            "input": {
                "raw": 455.4921557262815
            },
            "output": {
                "raw": 483.8264329534612
            },
            "triggered_links": [
                "L_04_05"
            ]
        },
        {
            "step": 6,
            "block_id": "B_DIVIDE_05",
            "class": "Divide",
            "duration_ms": 18,
            "input": {
                "raw": 483.8264329534612
            },
            "output": {
                "raw": 473.6842000602841
            },
            "triggered_links": [
                "L_05_06"
            ]
        },
        {
            "step": 7,
            "block_id": "B_WRITEVAR_06",
            "class": "WriteVar",
            "duration_ms": 5,
            "input": {
                "raw": 473.6842000602841
            },
            "output": {
                "raw": 433.2973065071116
            },
            "triggered_links": [
                "L_06_07"
            ]
        },
        {
            "step": 8,
            "block_id": "B_WRITEVAR_07",
            "class": "WriteVar",
            "duration_ms": 12,
            "input": {
                "raw": 433.2973065071116
            },
            "output": {
                "raw": 407.3499495389919
            },
            "triggered_links": [
                "L_07_08"
            ]
        },
        {
            "step": 9,
            "block_id": "B_VALIDATOR_08",
            "class": "Validator",
            "duration_ms": 29,
            "input": {
                "raw": 407.3499495389919
            },
            "output": {
                "raw": 400.5167598234598
            },
            "triggered_links": []
        }
    ],
    "link_data": [
        {
            "link_id": "L_00_01",
            "traversed": true,
            "value": 396.18986166151836
        },
        {
            "link_id": "L_01_02",
            "traversed": true,
            "value": 436.51262868792134
        },
        {
            "link_id": "L_02_03",
            "traversed": true,
            "value": 465.5168865720484
        },
        {
            "link_id": "L_03_04",
            "traversed": true,
            "value": 455.4921557262815
        },
        {
            "link_id": "L_04_05",
            "traversed": true,
            "value": 483.8264329534612
        },
        {
            "link_id": "L_05_06",
            "traversed": true,
            "value": 473.6842000602841
        },
        {
            "link_id": "L_06_07",
            "traversed": true,
            "value": 433.2973065071116
        },
        {
            "link_id": "L_07_08",
            "traversed": true,
            "value": 407.3499495389919
        }
    ]
}