{
    "run_info": {
        "run_id": "SET1-R15-59755A",
        "graph_id": "GRAPH_96",
        "status": "SUCCESS",
        "total_ms": 1801,
        "timestamp": "2026-01-29T19:06:46.820598"
    },
    "execution_trace": [
        {
            "step": 1,
            "block_id": "B_WRITEVAR_00",
            "class": "WriteVar",
            "duration_ms": 8,
            "input": {
                "raw": 36.319835992861464
            },
            "output": {
                "raw": 39.45649598909231
            },
            "triggered_links": [
                "L_00_01"
            ]
        },
        {
            "step": 2,
            "block_id": "B_READVAR_01",
            "class": "ReadVar",
            "duration_ms": 8,
            "input": {
                "raw": 39.45649598909231
            },
            "output": {
                "raw": 33.68097781563816
            },
            "triggered_links": [
                "L_01_02"
            ]
        },
        {
            "step": 3,
            "block_id": "B_TRANSFORMER_02",
            "class": "Transformer",
            "duration_ms": 28,
            "input": {
                "raw": 33.68097781563816
            },
            "output": {
                "raw": 28.33684250843423
            },
            "triggered_links": [
                "L_02_03"
            ]
        },
        {
            "step": 4,
            "block_id": "B_EXTERNALCALL_03",
            "class": "ExternalCall",
            "duration_ms": 1725,
            "input": {
                "raw": 28.33684250843423
            },
            "output": {
                "raw": 32.23894513241739
            },
            "triggered_links": [
                "L_03_04"
            ]
        },
        {
            "step": 5,
            "block_id": "B_VALIDATOR_04",
            "class": "Validator",
            "duration_ms": 32,
            "input": {
                "raw": 32.23894513241739
            },
            "output": {
                "raw": 37.047879341197316
            },
            "triggered_links": []
        }
    ],
    "link_data": [
        {
            "link_id": "L_00_01",
            "traversed": true,
            "value": 39.45649598909231
        },
        {
            "link_id": "L_01_02",
            "traversed": true,
            "value": 33.68097781563816
        },
        {
            "link_id": "L_02_03",
            "traversed": true,
            "value": 28.33684250843423
        },
        {
            "link_id": "L_03_04",
            "traversed": true,
            "value": 32.23894513241739
        }
    ]
}