{
    "run_info": {
        "run_id": "SET1-R32-826CA5",
        "graph_id": "GRAPH_42",
        "status": "SUCCESS",
        "total_ms": 4122,
        "timestamp": "2026-02-13T17:06:46.831498"
    },
    "execution_trace": [
        {
            "step": 1,
            "block_id": "B_MULTIPLY_00",
            "class": "Multiply",
            "duration_ms": 18,
            "input": {
                "raw": 439.8442276461335
            },
            "output": {
                "raw": 425.2433457913572
            },
            "triggered_links": [
                "L_00_01"
            ]
        },
        {
            "step": 2,
            "block_id": "B_AGGREGATE_01",
            "class": "Aggregate",
            "duration_ms": 2837,
            "input": {
                "raw": 425.2433457913572
            },
            "output": {
                "raw": 410.9890850822393
            },
            "triggered_links": [
                "L_01_02"
            ]
        },
        {
            "step": 3,
            "block_id": "B_VALIDATOR_02",
            "class": "Validator",
            "duration_ms": 23,
            "input": {
                "raw": 410.9890850822393
            },
            "output": {
                "raw": 445.13211679840686
            },
            "triggered_links": [
                "L_02_03"
            ]
        },
        {
            "step": 4,
            "block_id": "B_FILTER_03",
            "class": "Filter",
            "duration_ms": 16,
            "input": {
                "raw": 445.13211679840686
            },
            "output": {
                "raw": 447.2440416873151
            },
            "triggered_links": [
                "L_03_04"
            ]
        },
        {
            "step": 5,
            "block_id": "B_FILTER_04",
            "class": "Filter",
            "duration_ms": 12,
            "input": {
                "raw": 447.2440416873151
            },
            "output": {
                "raw": 480.3722599072749
            },
            "triggered_links": [
                "L_04_05"
            ]
        },
        {
            "step": 6,
            "block_id": "B_WRITEVAR_05",
            "class": "WriteVar",
            "duration_ms": 14,
            "input": {
                "raw": 480.3722599072749
            },
            "output": {
                "raw": 501.59422163855436
            },
            "triggered_links": [
                "L_05_06"
            ]
        },
        {
            "step": 7,
            "block_id": "B_TRANSFORMER_06",
            "class": "Transformer",
            "duration_ms": 44,
            "input": {
                "raw": 501.59422163855436
            },
            "output": {
                "raw": 545.0966001488682
            },
            "triggered_links": [
                "L_06_07"
            ]
        },
        {
            "step": 8,
            "block_id": "B_EXTERNALCALL_07",
            "class": "ExternalCall",
            "duration_ms": 499,
            "input": {
                "raw": 545.0966001488682
            },
            "output": {
                "raw": 534.852873232181
            },
            "triggered_links": [
                "L_07_08"
            ]
        },
        {
            "step": 9,
            "block_id": "B_EXTERNALCALL_08",
            "class": "ExternalCall",
            "duration_ms": 645,
            "input": {
                "raw": 534.852873232181
            },
            "output": {
                "raw": 563.4705606064375
            },
            "triggered_links": [
                "L_08_09"
            ]
        },
        {
            "step": 10,
            "block_id": "B_WRITEVAR_09",
            "class": "WriteVar",
            "duration_ms": 5,
            "input": {
                "raw": 563.4705606064375
            },
            "output": {
                "raw": 571.4333734212379
            },
            "triggered_links": [
                "L_09_10"
            ]
        },
        {
            "step": 11,
            "block_id": "B_IF_10",
            "class": "If",
            "duration_ms": 4,
            "input": {
                "raw": 571.4333734212379
            },
            "output": {
                "raw": 555.6983163695083
            },
            "triggered_links": [
                "L_10_11"
            ]
        },
        {
            "step": 12,
            "block_id": "B_IF_11",
            "class": "If",
            "duration_ms": 5,
            "input": {
                "raw": 555.6983163695083
            },
            "output": {
                "raw": 532.1895363646347
            },
            "triggered_links": []
        }
    ],
    "link_data": [
        {
            "link_id": "L_00_01",
            "traversed": true,
            "value": 425.2433457913572
        },
        {
            "link_id": "L_01_02",
            "traversed": true,
            "value": 410.9890850822393
        },
        {
            "link_id": "L_02_03",
            "traversed": true,
            "value": 445.13211679840686
        },
        {
            "link_id": "L_03_04",
            "traversed": true,
            "value": 447.2440416873151
        },
        {
            "link_id": "L_04_05",
            "traversed": true,
            "value": 480.3722599072749
        },
        {
            "link_id": "L_05_06",
            "traversed": true,
            "value": 501.59422163855436
        },
        {
            "link_id": "L_06_07",
            "traversed": true,
            "value": 545.0966001488682
        },
        {
            "link_id": "L_07_08",
            "traversed": true,
            "value": 534.852873232181
        },
        {
            "link_id": "L_08_09",
            "traversed": true,
            "value": 563.4705606064375
        },
        {
            "link_id": "L_09_10",
            "traversed": true,
            "value": 571.4333734212379
        },
        {
            "link_id": "L_10_11",
            "traversed": true,
            "value": 555.6983163695083
        }
    ]
}