{
    "run_info": {
        "run_id": "SET1-R24-3155F4",
        "graph_id": "GRAPH_77",
        "status": "SUCCESS",
        "total_ms": 2120,
        "timestamp": "2026-01-30T05:06:46.826322"
    },
    "execution_trace": [
        {
            "step": 1,
            "block_id": "B_FILTER_00",
            "class": "Filter",
            "duration_ms": 9,
            "input": {
                "raw": 898.2502182395407
            },
            "output": {
                "raw": 882.4334597208389
            },
            "triggered_links": [
                "L_00_01"
            ]
        },
        {
            "step": 2,
            "block_id": "B_IF_01",
            "class": "If",
            "duration_ms": 5,
            "input": {
                "raw": 882.4334597208389
            },
            "output": {
                "raw": 954.7658682015337
            },
            "triggered_links": [
                "L_01_02"
            ]
        },
        {
            "step": 3,
            "block_id": "B_WRITEVAR_02",
            "class": "WriteVar",
            "duration_ms": 9,
            "input": {
                "raw": 954.7658682015337
            },
            "output": {
                "raw": 1045.3909097134958
            },
            "triggered_links": [
                "L_02_03"
            ]
        },
        {
            "step": 4,
            "block_id": "B_READVAR_03",
            "class": "ReadVar",
            "duration_ms": 11,
            "input": {
                "raw": 1045.3909097134958
            },
            "output": {
                "raw": 1147.8277088047541
            },
            "triggered_links": [
                "L_03_04"
            ]
        },
        {
            "step": 5,
            "block_id": "B_IF_04",
            "class": "If",
            "duration_ms": 4,
            "input": {
                "raw": 1147.8277088047541
            },
            "output": {
                "raw": 1252.3000313184912
            },
            "triggered_links": [
                "L_04_05"
            ]
        },
        {
            "step": 6,
            "block_id": "B_IF_05",
            "class": "If",
            "duration_ms": 5,
            "input": {
                "raw": 1252.3000313184912
            },
            "output": {
                "raw": 1265.3578761260148
            },
            "triggered_links": [
                "L_05_06"
            ]
        },
        {
            "step": 7,
            "block_id": "B_EXTERNALCALL_06",
            "class": "ExternalCall",
            "duration_ms": 2009,
            "input": {
                "raw": 1265.3578761260148
            },
            "output": {
                "raw": 1349.3815500567598
            },
            "triggered_links": [
                "L_06_07"
            ]
        },
        {
            "step": 8,
            "block_id": "B_MULTIPLY_07",
            "class": "Multiply",
            "duration_ms": 8,
            "input": {
                "raw": 1349.3815500567598
            },
            "output": {
                "raw": 1301.4868360940202
            },
            "triggered_links": [
                "L_07_08"
            ]
        },
        {
            "step": 9,
            "block_id": "B_VALIDATOR_08",
            "class": "Validator",
            "duration_ms": 30,
            "input": {
                "raw": 1301.4868360940202
            },
            "output": {
                "raw": 1247.3029894535528
            },
            "triggered_links": [
                "L_08_09"
            ]
        },
        {
            "step": 10,
            "block_id": "B_VALIDATOR_09",
            "class": "Validator",
            "duration_ms": 30,
            "input": {
                "raw": 1247.3029894535528
            },
            "output": {
                "raw": 1162.755348936194
            },
            "triggered_links": []
        }
    ],
    "link_data": [
        {
            "link_id": "L_00_01",
            "traversed": true,
            "value": 882.4334597208389
        },
        {
            "link_id": "L_01_02",
            "traversed": true,
            "value": 954.7658682015337
        },
        {
            "link_id": "L_02_03",
            "traversed": true,
            "value": 1045.3909097134958
        },
        {
            "link_id": "L_03_04",
            "traversed": true,
            "value": 1147.8277088047541
        },
        {
            "link_id": "L_04_05",
            "traversed": true,
            "value": 1252.3000313184912
        },
        {
            "link_id": "L_05_06",
            "traversed": true,
            "value": 1265.3578761260148
        },
        {
            "link_id": "L_06_07",
            "traversed": true,
            "value": 1349.3815500567598
        },
        {
            "link_id": "L_07_08",
            "traversed": true,
            "value": 1301.4868360940202
        },
        {
            "link_id": "L_08_09",
            "traversed": true,
            "value": 1247.3029894535528
        }
    ]
}