{
    "run_info": {
        "run_id": "SET1-R46-465938",
        "graph_id": "GRAPH_57",
        "status": "SUCCESS",
        "total_ms": 5024,
        "timestamp": "2026-02-01T19:06:46.841472"
    },
    "execution_trace": [
        {
            "step": 1,
            "block_id": "B_READVAR_00",
            "class": "ReadVar",
            "duration_ms": 8,
            "input": {
                "raw": 281.34331417570223
            },
            "output": {
                "raw": 302.4525845801326
            },
            "triggered_links": [
                "L_00_01"
            ]
        },
        {
            "step": 2,
            "block_id": "B_EXTERNALCALL_01",
            "class": "ExternalCall",
            "duration_ms": 2967,
            "input": {
                "raw": 302.4525845801326
            },
            "output": {
                "raw": 304.3563096628137
            },
            "triggered_links": [
                "L_01_02"
            ]
        },
        {
            "step": 3,
            "block_id": "B_FILTER_02",
            "class": "Filter",
            "duration_ms": 11,
            "input": {
                "raw": 304.3563096628137
            },
            "output": {
                "raw": 292.5072234786743
            },
            "triggered_links": [
                "L_02_03"
            ]
        },
        {
            "step": 4,
            "block_id": "B_WRITEVAR_03",
            "class": "WriteVar",
            "duration_ms": 12,
            "input": {
                "raw": 292.5072234786743
            },
            "output": {
                "raw": 268.37053718509145
            },
            "triggered_links": [
                "L_03_04"
            ]
        },
        {
            "step": 5,
            "block_id": "B_EXTERNALCALL_04",
            "class": "ExternalCall",
            "duration_ms": 1977,
            "input": {
                "raw": 268.37053718509145
            },
            "output": {
                "raw": 260.4839123261236
            },
            "triggered_links": [
                "L_04_05"
            ]
        },
        {
            "step": 6,
            "block_id": "B_TRANSFORMER_05",
            "class": "Transformer",
            "duration_ms": 35,
            "input": {
                "raw": 260.4839123261236
            },
            "output": {
                "raw": 232.06169359668016
            },
            "triggered_links": [
                "L_05_06"
            ]
        },
        {
            "step": 7,
            "block_id": "B_VALIDATOR_06",
            "class": "Validator",
            "duration_ms": 14,
            "input": {
                "raw": 232.06169359668016
            },
            "output": {
                "raw": 222.90568412011586
            },
            "triggered_links": []
        }
    ],
    "link_data": [
        {
            "link_id": "L_00_01",
            "traversed": true,
            "value": 302.4525845801326
        },
        {
            "link_id": "L_01_02",
            "traversed": true,
            "value": 304.3563096628137
        },
        {
            "link_id": "L_02_03",
            "traversed": true,
            "value": 292.5072234786743
        },
        {
            "link_id": "L_03_04",
            "traversed": true,
            "value": 268.37053718509145
        },
        {
            "link_id": "L_04_05",
            "traversed": true,
            "value": 260.4839123261236
        },
        {
            "link_id": "L_05_06",
            "traversed": true,
            "value": 232.06169359668016
        }
    ]
}