{
    "run_info": {
        "run_id": "SET4-R04-22C685",
        "graph_id": "GRAPH_91",
        "status": "SUCCESS",
        "total_ms": 62073,
        "timestamp": "2026-02-10T00:06:46.911288"
    },
    "execution_trace": [
        {
            "step": 1,
            "block_id": "B_FILTER_00",
            "class": "Filter",
            "duration_ms": 22,
            "input": {
                "raw": 211.33903912034788
            },
            "output": {
                "raw": 230.82803625673526
            },
            "triggered_links": [
                "L_00_01"
            ]
        },
        {
            "step": 2,
            "block_id": "B_VALIDATOR_01",
            "class": "Validator",
            "duration_ms": 42,
            "input": {
                "raw": 230.82803625673526
            },
            "output": {
                "raw": 213.61232274664
            },
            "triggered_links": [
                "L_01_02"
            ]
        },
        {
            "step": 3,
            "block_id": "B_MULTIPLY_02",
            "class": "Multiply",
            "duration_ms": 15,
            "input": {
                "raw": 213.61232274664
            },
            "output": {
                "raw": 216.90997234760496
            },
            "triggered_links": [
                "L_02_03"
            ]
        },
        {
            "step": 4,
            "block_id": "B_AGGREGATE_03",
            "class": "Aggregate",
            "duration_ms": 1897,
            "input": {
                "raw": 216.90997234760496
            },
            "output": {
                "raw": 215.83222108015258
            },
            "triggered_links": [
                "L_03_04"
            ]
        },
        {
            "step": 5,
            "block_id": "B_EXTERNALCALL_04",
            "class": "ExternalCall",
            "duration_ms": 55584,
            "input": {
                "raw": 215.83222108015258
            },
            "output": {
                "raw": 210.3856751080854
            },
            "triggered_links": [
                "L_04_05"
            ]
        },
        {
            "step": 6,
            "block_id": "B_WRITEVAR_05",
            "class": "WriteVar",
            "duration_ms": 6,
            "input": {
                "raw": 210.3856751080854
            },
            "output": {
                "raw": 224.62456154392518
            },
            "triggered_links": [
                "L_05_06"
            ]
        },
        {
            "step": 7,
            "block_id": "B_WRITEVAR_06",
            "class": "WriteVar",
            "duration_ms": 13,
            "input": {
                "raw": 224.62456154392518
            },
            "output": {
                "raw": 240.782808746055
            },
            "triggered_links": [
                "L_06_07"
            ]
        },
        {
            "step": 8,
            "block_id": "B_FILTER_07",
            "class": "Filter",
            "duration_ms": 18,
            "input": {
                "raw": 240.782808746055
            },
            "output": {
                "raw": 260.5690741523276
            },
            "triggered_links": [
                "L_07_08"
            ]
        },
        {
            "step": 9,
            "block_id": "B_DIVIDE_08",
            "class": "Divide",
            "duration_ms": 18,
            "input": {
                "raw": 260.5690741523276
            },
            "output": {
                "raw": 259.75511076189974
            },
            "triggered_links": [
                "L_08_09"
            ]
        },
        {
            "step": 10,
            "block_id": "B_WRITEVAR_09",
            "class": "WriteVar",
            "duration_ms": 7,
            "input": {
                "raw": 259.75511076189974
            },
            "output": {
                "raw": 242.43018540438416
            },
            "triggered_links": [
                "L_09_10"
            ]
        },
        {
            "step": 11,
            "block_id": "B_FILTER_10",
            "class": "Filter",
            "duration_ms": 325,
            "input": {
                "raw": 242.43018540438416
            },
            "output": {
                "raw": 226.4253840063903
            },
            "triggered_links": [
                "L_10_11"
            ]
        },
        {
            "step": 12,
            "block_id": "B_AGGREGATE_11",
            "class": "Aggregate",
            "duration_ms": 4072,
            "input": {
                "raw": 226.4253840063903
            },
            "output": {
                "raw": 220.23886013285087
            },
            "triggered_links": [
                "L_11_12"
            ]
        },
        {
            "step": 13,
            "block_id": "B_MULTIPLY_12",
            "class": "Multiply",
            "duration_ms": 31,
            "input": {
                "raw": 220.23886013285087
            },
            "output": {
                "raw": 219.91788061560757
            },
            "triggered_links": [
                "L_12_13"
            ]
        },
        {
            "step": 14,
            "block_id": "B_DIVIDE_13",
            "class": "Divide",
            "duration_ms": 23,
            "input": {
                "raw": 219.91788061560757
            },
            "output": {
                "raw": 195.68004427160832
            },
            "triggered_links": []
        }
    ],
    "link_data": [
        {
            "link_id": "L_00_01",
            "traversed": true,
            "value": 230.82803625673526
        },
        {
            "link_id": "L_01_02",
            "traversed": true,
            "value": 213.61232274664
        },
        {
            "link_id": "L_02_03",
            "traversed": true,
            "value": 216.90997234760496
        },
        {
            "link_id": "L_03_04",
            "traversed": true,
            "value": 215.83222108015258
        },
        {
            "link_id": "L_04_05",
            "traversed": true,
            "value": 210.3856751080854
        },
        {
            "link_id": "L_05_06",
            "traversed": true,
            "value": 224.62456154392518
        },
        {
            "link_id": "L_06_07",
            "traversed": true,
            "value": 240.782808746055
        },
        {
            "link_id": "L_07_08",
            "traversed": true,
            "value": 260.5690741523276
        },
        {
            "link_id": "L_08_09",
            "traversed": true,
            "value": 259.75511076189974
        },
        {
            "link_id": "L_09_10",
            "traversed": true,
            "value": 242.43018540438416
        },
        {
            "link_id": "L_10_11",
            "traversed": true,
            "value": 226.4253840063903
        },
        {
            "link_id": "L_11_12",
            "traversed": true,
            "value": 220.23886013285087
        },
        {
            "link_id": "L_12_13",
            "traversed": true,
            "value": 219.91788061560757
        }
    ]
}