{
    "run_info": {
        "run_id": "SET4-R18-E88FEC",
        "graph_id": "GRAPH_14",
        "status": "SUCCESS",
        "total_ms": 5505,
        "timestamp": "2026-02-16T00:06:46.920121"
    },
    "execution_trace": [
        {
            "step": 1,
            "block_id": "B_DIVIDE_00",
            "class": "Divide",
            "duration_ms": 15,
            "input": {
                "raw": 328.78133460943434
            },
            "output": {
                "raw": 348.97098501487045
            },
            "triggered_links": [
                "L_00_01"
            ]
        },
        {
            "step": 2,
            "block_id": "B_VALIDATOR_01",
            "class": "Validator",
            "duration_ms": 13,
            "input": {
                "raw": 348.97098501487045
            },
            "output": {
                "raw": 368.92628299099795
            },
            "triggered_links": [
                "L_01_02"
            ]
        },
        {
            "step": 3,
            "block_id": "B_AGGREGATE_02",
            "class": "Aggregate",
            "duration_ms": 3814,
            "input": {
                "raw": 368.92628299099795
            },
            "output": {
                "raw": 385.49203337904817
            },
            "triggered_links": [
                "L_02_03"
            ]
        },
        {
            "step": 4,
            "block_id": "B_READVAR_03",
            "class": "ReadVar",
            "duration_ms": 1,
            "input": {
                "raw": 385.49203337904817
            },
            "output": {
                "raw": 384.71246001245305
            },
            "triggered_links": [
                "L_03_04"
            ]
        },
        {
            "step": 5,
            "block_id": "B_TRANSFORMER_04",
            "class": "Transformer",
            "duration_ms": 39,
            "input": {
                "raw": 384.71246001245305
            },
            "output": {
                "raw": 371.2247452881025
            },
            "triggered_links": [
                "L_04_05"
            ]
        },
        {
            "step": 6,
            "block_id": "B_MULTIPLY_05",
            "class": "Multiply",
            "duration_ms": 16,
            "input": {
                "raw": 371.2247452881025
            },
            "output": {
                "raw": 399.41930448498675
            },
            "triggered_links": [
                "L_05_06"
            ]
        },
        {
            "step": 7,
            "block_id": "B_TRANSFORMER_06",
            "class": "Transformer",
            "duration_ms": 14,
            "input": {
                "raw": 399.41930448498675
            },
            "output": {
                "raw": 370.60296089503584
            },
            "triggered_links": [
                "L_06_07"
            ]
        },
        {
            "step": 8,
            "block_id": "B_AGGREGATE_07",
            "class": "Aggregate",
            "duration_ms": 1554,
            "input": {
                "raw": 370.60296089503584
            },
            "output": {
                "raw": 400.5805689267417
            },
            "triggered_links": [
                "L_07_08"
            ]
        },
        {
            "step": 9,
            "block_id": "B_FILTER_08",
            "class": "Filter",
            "duration_ms": 39,
            "input": {
                "raw": 400.5805689267417
            },
            "output": {
                "raw": 363.0397457283164
            },
            "triggered_links": []
        }
    ],
    "link_data": [
        {
            "link_id": "L_00_01",
            "traversed": true,
            "value": 348.97098501487045
        },
        {
            "link_id": "L_01_02",
            "traversed": true,
            "value": 368.92628299099795
        },
        {
            "link_id": "L_02_03",
            "traversed": true,
            "value": 385.49203337904817
        },
        {
            "link_id": "L_03_04",
            "traversed": true,
            "value": 384.71246001245305
        },
        {
            "link_id": "L_04_05",
            "traversed": true,
            "value": 371.2247452881025
        },
        {
            "link_id": "L_05_06",
            "traversed": true,
            "value": 399.41930448498675
        },
        {
            "link_id": "L_06_07",
            "traversed": true,
            "value": 370.60296089503584
        },
        {
            "link_id": "L_07_08",
            "traversed": true,
            "value": 400.5805689267417
        }
    ]
}