{
    "run_info": {
        "run_id": "SET4-R49-35D7B7",
        "graph_id": "GRAPH_88",
        "status": "SUCCESS",
        "total_ms": 25531,
        "timestamp": "2026-01-31T00:06:46.941616"
    },
    "execution_trace": [
        {
            "step": 1,
            "block_id": "B_FILTER_00",
            "class": "Filter",
            "duration_ms": 15,
            "input": {
                "raw": 811.0721100394509
            },
            "output": {
                "raw": 884.0108232383595
            },
            "triggered_links": [
                "L_00_01"
            ]
        },
        {
            "step": 2,
            "block_id": "B_DIVIDE_01",
            "class": "Divide",
            "duration_ms": 7,
            "input": {
                "raw": 884.0108232383595
            },
            "output": {
                "raw": 842.0224015721534
            },
            "triggered_links": [
                "L_01_02"
            ]
        },
        {
            "step": 3,
            "block_id": "B_AGGREGATE_02",
            "class": "Aggregate",
            "duration_ms": 23805,
            "input": {
                "raw": 842.0224015721534
            },
            "output": {
                "raw": 848.4328622347808
            },
            "triggered_links": [
                "L_02_03"
            ]
        },
        {
            "step": 4,
            "block_id": "B_MULTIPLY_03",
            "class": "Multiply",
            "duration_ms": 20,
            "input": {
                "raw": 848.4328622347808
            },
            "output": {
                "raw": 787.3077273903483
            },
            "triggered_links": [
                "L_03_04"
            ]
        },
        {
            "step": 5,
            "block_id": "B_MULTIPLY_04",
            "class": "Multiply",
            "duration_ms": 23,
            "input": {
                "raw": 787.3077273903483
            },
            "output": {
                "raw": 743.6169845174788
            },
            "triggered_links": [
                "L_04_05"
            ]
        },
        {
            "step": 6,
            "block_id": "B_READVAR_05",
            "class": "ReadVar",
            "duration_ms": 10,
            "input": {
                "raw": 743.6169845174788
            },
            "output": {
                "raw": 760.8788502130144
            },
            "triggered_links": [
                "L_05_06"
            ]
        },
        {
            "step": 7,
            "block_id": "B_MULTIPLY_06",
            "class": "Multiply",
            "duration_ms": 12,
            "input": {
                "raw": 760.8788502130144
            },
            "output": {
                "raw": 805.0035190567518
            },
            "triggered_links": [
                "L_06_07"
            ]
        },
        {
            "step": 8,
            "block_id": "B_MULTIPLY_07",
            "class": "Multiply",
            "duration_ms": 20,
            "input": {
                "raw": 805.0035190567518
            },
            "output": {
                "raw": 848.5863139388741
            },
            "triggered_links": [
                "L_07_08"
            ]
        },
        {
            "step": 9,
            "block_id": "B_AGGREGATE_08",
            "class": "Aggregate",
            "duration_ms": 1619,
            "input": {
                "raw": 848.5863139388741
            },
            "output": {
                "raw": 857.5571592055977
            },
            "triggered_links": []
        }
    ],
    "link_data": [
        {
            "link_id": "L_00_01",
            "traversed": true,
            "value": 884.0108232383595
        },
        {
            "link_id": "L_01_02",
            "traversed": true,
            "value": 842.0224015721534
        },
        {
            "link_id": "L_02_03",
            "traversed": true,
            "value": 848.4328622347808
        },
        {
            "link_id": "L_03_04",
            "traversed": true,
            "value": 787.3077273903483
        },
        {
            "link_id": "L_04_05",
            "traversed": true,
            "value": 743.6169845174788
        },
        {
            "link_id": "L_05_06",
            "traversed": true,
            "value": 760.8788502130144
        },
        {
            "link_id": "L_06_07",
            "traversed": true,
            "value": 805.0035190567518
        },
        {
            "link_id": "L_07_08",
            "traversed": true,
            "value": 848.5863139388741
        }
    ]
}