{
    "run_info": {
        "run_id": "SET4-R14-9539F0",
        "graph_id": "GRAPH_84",
        "status": "SUCCESS",
        "total_ms": 3100,
        "timestamp": "2026-02-01T11:06:46.917429"
    },
    "execution_trace": [
        {
            "step": 1,
            "block_id": "B_READVAR_00",
            "class": "ReadVar",
            "duration_ms": 10,
            "input": {
                "raw": 694.3148543292934
            },
            "output": {
                "raw": 643.874653331925
            },
            "triggered_links": [
                "L_00_01"
            ]
        },
        {
            "step": 2,
            "block_id": "B_DIVIDE_01",
            "class": "Divide",
            "duration_ms": 1,
            "input": {
                "raw": 643.874653331925
            },
            "output": {
                "raw": 616.2480911003248
            },
            "triggered_links": [
                "L_01_02"
            ]
        },
        {
            "step": 3,
            "block_id": "B_FILTER_02",
            "class": "Filter",
            "duration_ms": 160,
            "input": {
                "raw": 616.2480911003248
            },
            "output": {
                "raw": 642.1030467319258
            },
            "triggered_links": [
                "L_02_03"
            ]
        },
        {
            "step": 4,
            "block_id": "B_AGGREGATE_03",
            "class": "Aggregate",
            "duration_ms": 2874,
            "input": {
                "raw": 642.1030467319258
            },
            "output": {
                "raw": 673.5643150619209
            },
            "triggered_links": [
                "L_03_04"
            ]
        },
        {
            "step": 5,
            "block_id": "B_VALIDATOR_04",
            "class": "Validator",
            "duration_ms": 28,
            "input": {
                "raw": 673.5643150619209
            },
            "output": {
                "raw": 631.6301265786731
            },
            "triggered_links": [
                "L_04_05"
            ]
        },
        {
            "step": 6,
            "block_id": "B_IF_05",
            "class": "If",
            "duration_ms": 6,
            "input": {
                "raw": 631.6301265786731
            },
            "output": {
                "raw": 603.1295196825654
            },
            "triggered_links": [
                "L_05_06"
            ]
        },
        {
            "step": 7,
            "block_id": "B_MULTIPLY_06",
            "class": "Multiply",
            "duration_ms": 9,
            "input": {
                "raw": 603.1295196825654
            },
            "output": {
                "raw": 606.4110149333352
            },
            "triggered_links": [
                "L_06_07"
            ]
        },
        {
            "step": 8,
            "block_id": "B_READVAR_07",
            "class": "ReadVar",
            "duration_ms": 7,
            "input": {
                "raw": 606.4110149333352
            },
            "output": {
                "raw": 612.830955217967
            },
            "triggered_links": [
                "L_07_08"
            ]
        },
        {
            "step": 9,
            "block_id": "B_MULTIPLY_08",
            "class": "Multiply",
            "duration_ms": 5,
            "input": {
                "raw": 612.830955217967
            },
            "output": {
                "raw": 607.2005332270701
            },
            "triggered_links": []
        }
    ],
    "link_data": [
        {
            "link_id": "L_00_01",
            "traversed": true,
            "value": 643.874653331925
        },
        {
            "link_id": "L_01_02",
            "traversed": true,
            "value": 616.2480911003248
        },
        {
            "link_id": "L_02_03",
            "traversed": true,
            "value": 642.1030467319258
        },
        {
            "link_id": "L_03_04",
            "traversed": true,
            "value": 673.5643150619209
        },
        {
            "link_id": "L_04_05",
            "traversed": true,
            "value": 631.6301265786731
        },
        {
            "link_id": "L_05_06",
            "traversed": true,
            "value": 603.1295196825654
        },
        {
            "link_id": "L_06_07",
            "traversed": true,
            "value": 606.4110149333352
        },
        {
            "link_id": "L_07_08",
            "traversed": true,
            "value": 612.830955217967
        }
    ]
}