{
    "run_info": {
        "run_id": "SET4-R34-A43549",
        "graph_id": "GRAPH_87",
        "status": "SUCCESS",
        "total_ms": 664,
        "timestamp": "2026-02-02T12:06:46.931465"
    },
    "execution_trace": [
        {
            "step": 1,
            "block_id": "B_READVAR_00",
            "class": "ReadVar",
            "duration_ms": 11,
            "input": {
                "raw": 923.1017642991513
            },
            "output": {
                "raw": 996.0638528574877
            },
            "triggered_links": [
                "L_00_01"
            ]
        },
        {
            "step": 2,
            "block_id": "B_DIVIDE_01",
            "class": "Divide",
            "duration_ms": 12,
            "input": {
                "raw": 996.0638528574877
            },
            "output": {
                "raw": 1024.660557687569
            },
            "triggered_links": [
                "L_01_02"
            ]
        },
        {
            "step": 3,
            "block_id": "B_READVAR_02",
            "class": "ReadVar",
            "duration_ms": 16,
            "input": {
                "raw": 1024.660557687569
            },
            "output": {
                "raw": 1081.7009449591624
            },
            "triggered_links": [
                "L_02_03"
            ]
        },
        {
            "step": 4,
            "block_id": "B_MULTIPLY_03",
            "class": "Multiply",
            "duration_ms": 22,
            "input": {
                "raw": 1081.7009449591624
            },
            "output": {
                "raw": 1049.0218592745273
            },
            "triggered_links": [
                "L_03_04"
            ]
        },
        {
            "step": 5,
            "block_id": "B_READVAR_04",
            "class": "ReadVar",
            "duration_ms": 8,
            "input": {
                "raw": 1049.0218592745273
            },
            "output": {
                "raw": 1072.5243357677778
            },
            "triggered_links": [
                "L_04_05"
            ]
        },
        {
            "step": 6,
            "block_id": "B_EXTERNALCALL_05",
            "class": "ExternalCall",
            "duration_ms": 491,
            "input": {
                "raw": 1072.5243357677778
            },
            "output": {
                "raw": 1126.9247123807202
            },
            "triggered_links": [
                "L_05_06"
            ]
        },
        {
            "step": 7,
            "block_id": "B_WRITEVAR_06",
            "class": "WriteVar",
            "duration_ms": 7,
            "input": {
                "raw": 1126.9247123807202
            },
            "output": {
                "raw": 1156.924939454492
            },
            "triggered_links": [
                "L_06_07"
            ]
        },
        {
            "step": 8,
            "block_id": "B_MULTIPLY_07",
            "class": "Multiply",
            "duration_ms": 8,
            "input": {
                "raw": 1156.924939454492
            },
            "output": {
                "raw": 1111.3721525461283
            },
            "triggered_links": [
                "L_07_08"
            ]
        },
        {
            "step": 9,
            "block_id": "B_VALIDATOR_08",
            "class": "Validator",
            "duration_ms": 35,
            "input": {
                "raw": 1111.3721525461283
            },
            "output": {
                "raw": 1153.3257438941937
            },
            "triggered_links": [
                "L_08_09"
            ]
        },
        {
            "step": 10,
            "block_id": "B_VALIDATOR_09",
            "class": "Validator",
            "duration_ms": 8,
            "input": {
                "raw": 1153.3257438941937
            },
            "output": {
                "raw": 1196.9909848852756
            },
            "triggered_links": [
                "L_09_10"
            ]
        },
        {
            "step": 11,
            "block_id": "B_VALIDATOR_10",
            "class": "Validator",
            "duration_ms": 35,
            "input": {
                "raw": 1196.9909848852756
            },
            "output": {
                "raw": 1104.4785151368364
            },
            "triggered_links": [
                "L_10_11"
            ]
        },
        {
            "step": 12,
            "block_id": "B_READVAR_11",
            "class": "ReadVar",
            "duration_ms": 11,
            "input": {
                "raw": 1104.4785151368364
            },
            "output": {
                "raw": 1070.2399352297887
            },
            "triggered_links": []
        }
    ],
    "link_data": [
        {
            "link_id": "L_00_01",
            "traversed": true,
            "value": 996.0638528574877
        },
        {
            "link_id": "L_01_02",
            "traversed": true,
            "value": 1024.660557687569
        },
        {
            "link_id": "L_02_03",
            "traversed": true,
            "value": 1081.7009449591624
        },
        {
            "link_id": "L_03_04",
            "traversed": true,
            "value": 1049.0218592745273
        },
        {
            "link_id": "L_04_05",
            "traversed": true,
            "value": 1072.5243357677778
        },
        {
            "link_id": "L_05_06",
            "traversed": true,
            "value": 1126.9247123807202
        },
        {
            "link_id": "L_06_07",
            "traversed": true,
            "value": 1156.924939454492
        },
        {
            "link_id": "L_07_08",
            "traversed": true,
            "value": 1111.3721525461283
        },
        {
            "link_id": "L_08_09",
            "traversed": true,
            "value": 1153.3257438941937
        },
        {
            "link_id": "L_09_10",
            "traversed": true,
            "value": 1196.9909848852756
        },
        {
            "link_id": "L_10_11",
            "traversed": true,
            "value": 1104.4785151368364
        }
    ]
}