{
    "run_info": {
        "run_id": "SET4-R44-53C318",
        "graph_id": "GRAPH_39",
        "status": "SUCCESS",
        "total_ms": 4477,
        "timestamp": "2026-02-11T08:06:46.938417"
    },
    "execution_trace": [
        {
            "step": 1,
            "block_id": "B_EXTERNALCALL_00",
            "class": "ExternalCall",
            "duration_ms": 2329,
            "input": {
                "raw": 689.6734339456353
            },
            "output": {
                "raw": 746.3585029336954
            },
            "triggered_links": [
                "L_00_01"
            ]
        },
        {
            "step": 2,
            "block_id": "B_TRANSFORMER_01",
            "class": "Transformer",
            "duration_ms": 24,
            "input": {
                "raw": 746.3585029336954
            },
            "output": {
                "raw": 706.1518704884254
            },
            "triggered_links": [
                "L_01_02"
            ]
        },
        {
            "step": 3,
            "block_id": "B_EXTERNALCALL_02",
            "class": "ExternalCall",
            "duration_ms": 1662,
            "input": {
                "raw": 706.1518704884254
            },
            "output": {
                "raw": 682.1391854296184
            },
            "triggered_links": [
                "L_02_03"
            ]
        },
        {
            "step": 4,
            "block_id": "B_TRANSFORMER_03",
            "class": "Transformer",
            "duration_ms": 25,
            "input": {
                "raw": 682.1391854296184
            },
            "output": {
                "raw": 686.4824171694513
            },
            "triggered_links": [
                "L_03_04"
            ]
        },
        {
            "step": 5,
            "block_id": "B_IF_04",
            "class": "If",
            "duration_ms": 3,
            "input": {
                "raw": 686.4824171694513
            },
            "output": {
                "raw": 746.6053545786906
            },
            "triggered_links": [
                "L_04_05"
            ]
        },
        {
            "step": 6,
            "block_id": "B_DIVIDE_05",
            "class": "Divide",
            "duration_ms": 24,
            "input": {
                "raw": 746.6053545786906
            },
            "output": {
                "raw": 719.95361350364
            },
            "triggered_links": [
                "L_05_06"
            ]
        },
        {
            "step": 7,
            "block_id": "B_MULTIPLY_06",
            "class": "Multiply",
            "duration_ms": 384,
            "input": {
                "raw": 719.95361350364
            },
            "output": {
                "raw": 720.5774783914159
            },
            "triggered_links": [
                "L_06_07"
            ]
        },
        {
            "step": 8,
            "block_id": "B_MULTIPLY_07",
            "class": "Multiply",
            "duration_ms": 15,
            "input": {
                "raw": 720.5774783914159
            },
            "output": {
                "raw": 782.0052763321443
            },
            "triggered_links": [
                "L_07_08"
            ]
        },
        {
            "step": 9,
            "block_id": "B_READVAR_08",
            "class": "ReadVar",
            "duration_ms": 11,
            "input": {
                "raw": 782.0052763321443
            },
            "output": {
                "raw": 718.7582360761202
            },
            "triggered_links": []
        }
    ],
    "link_data": [
        {
            "link_id": "L_00_01",
            "traversed": true,
            "value": 746.3585029336954
        },
        {
            "link_id": "L_01_02",
            "traversed": true,
            "value": 706.1518704884254
        },
        {
            "link_id": "L_02_03",
            "traversed": true,
            "value": 682.1391854296184
        },
        {
            "link_id": "L_03_04",
            "traversed": true,
            "value": 686.4824171694513
        },
        {
            "link_id": "L_04_05",
            "traversed": true,
            "value": 746.6053545786906
        },
        {
            "link_id": "L_05_06",
            "traversed": true,
            "value": 719.95361350364
        },
        {
            "link_id": "L_06_07",
            "traversed": true,
            "value": 720.5774783914159
        },
        {
            "link_id": "L_07_08",
            "traversed": true,
            "value": 782.0052763321443
        }
    ]
}