{
    "run_info": {
        "run_id": "SET4-R28-0FC67C",
        "graph_id": "GRAPH_30",
        "status": "SUCCESS",
        "total_ms": 11535,
        "timestamp": "2026-02-03T19:06:46.926938"
    },
    "execution_trace": [
        {
            "step": 1,
            "block_id": "B_TRANSFORMER_00",
            "class": "Transformer",
            "duration_ms": 50,
            "input": {
                "raw": 30.733151766771527
            },
            "output": {
                "raw": 27.810333952334915
            },
            "triggered_links": [
                "L_00_01"
            ]
        },
        {
            "step": 2,
            "block_id": "B_WRITEVAR_01",
            "class": "WriteVar",
            "duration_ms": 5,
            "input": {
                "raw": 27.810333952334915
            },
            "output": {
                "raw": 27.829800422777534
            },
            "triggered_links": [
                "L_01_02"
            ]
        },
        {
            "step": 3,
            "block_id": "B_TRANSFORMER_02",
            "class": "Transformer",
            "duration_ms": 40,
            "input": {
                "raw": 27.829800422777534
            },
            "output": {
                "raw": 29.0362040696605
            },
            "triggered_links": [
                "L_02_03"
            ]
        },
        {
            "step": 4,
            "block_id": "B_READVAR_03",
            "class": "ReadVar",
            "duration_ms": 8,
            "input": {
                "raw": 29.0362040696605
            },
            "output": {
                "raw": 24.355443090217516
            },
            "triggered_links": [
                "L_03_04"
            ]
        },
        {
            "step": 5,
            "block_id": "B_EXTERNALCALL_04",
            "class": "ExternalCall",
            "duration_ms": 2635,
            "input": {
                "raw": 24.355443090217516
            },
            "output": {
                "raw": 20.59913780151396
            },
            "triggered_links": [
                "L_04_05"
            ]
        },
        {
            "step": 6,
            "block_id": "B_AGGREGATE_05",
            "class": "Aggregate",
            "duration_ms": 6152,
            "input": {
                "raw": 20.59913780151396
            },
            "output": {
                "raw": 14.51620784857304
            },
            "triggered_links": [
                "L_05_06"
            ]
        },
        {
            "step": 7,
            "block_id": "B_READVAR_06",
            "class": "ReadVar",
            "duration_ms": 10,
            "input": {
                "raw": 14.51620784857304
            },
            "output": {
                "raw": 9.526780633534642
            },
            "triggered_links": [
                "L_06_07"
            ]
        },
        {
            "step": 8,
            "block_id": "B_EXTERNALCALL_07",
            "class": "ExternalCall",
            "duration_ms": 1167,
            "input": {
                "raw": 9.526780633534642
            },
            "output": {
                "raw": 14.266110144553679
            },
            "triggered_links": [
                "L_07_08"
            ]
        },
        {
            "step": 9,
            "block_id": "B_EXTERNALCALL_08",
            "class": "ExternalCall",
            "duration_ms": 1468,
            "input": {
                "raw": 14.266110144553679
            },
            "output": {
                "raw": 17.308571064480557
            },
            "triggered_links": []
        }
    ],
    "link_data": [
        {
            "link_id": "L_00_01",
            "traversed": true,
            "value": 27.810333952334915
        },
        {
            "link_id": "L_01_02",
            "traversed": true,
            "value": 27.829800422777534
        },
        {
            "link_id": "L_02_03",
            "traversed": true,
            "value": 29.0362040696605
        },
        {
            "link_id": "L_03_04",
            "traversed": true,
            "value": 24.355443090217516
        },
        {
            "link_id": "L_04_05",
            "traversed": true,
            "value": 20.59913780151396
        },
        {
            "link_id": "L_05_06",
            "traversed": true,
            "value": 14.51620784857304
        },
        {
            "link_id": "L_06_07",
            "traversed": true,
            "value": 9.526780633534642
        },
        {
            "link_id": "L_07_08",
            "traversed": true,
            "value": 14.266110144553679
        }
    ]
}