{
    "run_info": {
        "run_id": "SET4-R46-ABCC3D",
        "graph_id": "GRAPH_65",
        "status": "ERROR",
        "total_ms": 7598,
        "timestamp": "2026-01-29T19:06:46.939545"
    },
    "execution_trace": [
        {
            "step": 1,
            "block_id": "B_WRITEVAR_00",
            "class": "WriteVar",
            "duration_ms": 123,
            "input": {
                "raw": 832.3711375350199
            },
            "output": {
                "raw": 897.820089440793
            },
            "triggered_links": [
                "L_00_01"
            ]
        },
        {
            "step": 2,
            "block_id": "B_AGGREGATE_01",
            "class": "Aggregate",
            "duration_ms": 5056,
            "input": {
                "raw": 897.820089440793
            },
            "output": {
                "raw": 908.3718656357938
            },
            "triggered_links": [
                "L_01_02"
            ]
        },
        {
            "step": 3,
            "block_id": "B_MULTIPLY_02",
            "class": "Multiply",
            "duration_ms": 15,
            "input": {
                "raw": 908.3718656357938
            },
            "output": {
                "raw": 898.7626699924458
            },
            "triggered_links": [
                "L_02_03"
            ]
        },
        {
            "step": 4,
            "block_id": "B_AGGREGATE_03",
            "class": "Aggregate",
            "duration_ms": 2093,
            "input": {
                "raw": 898.7626699924458
            },
            "output": {
                "raw": 856.1029150127756
            },
            "triggered_links": [
                "L_03_04"
            ]
        },
        {
            "step": 5,
            "block_id": "B_MULTIPLY_04",
            "class": "Multiply",
            "duration_ms": 18,
            "input": {
                "raw": 856.1029150127756
            },
            "output": {
                "raw": 936.5889036001083
            },
            "triggered_links": [
                "L_04_05"
            ]
        },
        {
            "step": 6,
            "block_id": "B_DIVIDE_05",
            "class": "Divide",
            "duration_ms": 2,
            "input": {
                "raw": 936.5889036001083
            },
            "output": {
                "raw": 874.2741061909544
            },
            "triggered_links": [
                "L_05_06"
            ]
        },
        {
            "step": 7,
            "block_id": "B_FILTER_06",
            "class": "Filter",
            "duration_ms": 32,
            "input": {
                "raw": 874.2741061909544
            },
            "output": {
                "raw": 816.6296352171092
            },
            "triggered_links": [
                "L_06_07"
            ]
        },
        {
            "step": 8,
            "block_id": "B_MULTIPLY_07",
            "class": "Multiply",
            "duration_ms": 13,
            "input": {
                "raw": 816.6296352171092
            },
            "output": {
                "raw": 888.2232721766309
            },
            "triggered_links": [
                "L_07_08"
            ]
        },
        {
            "step": 9,
            "block_id": "B_WRITEVAR_08",
            "class": "WriteVar",
            "duration_ms": 246,
            "input": {
                "raw": 888.2232721766309
            },
            "output": {
                "raw": 897.3054496211091
            },
            "triggered_links": []
        }
    ],
    "link_data": [
        {
            "link_id": "L_00_01",
            "traversed": true,
            "value": 897.820089440793
        },
        {
            "link_id": "L_01_02",
            "traversed": true,
            "value": 908.3718656357938
        },
        {
            "link_id": "L_02_03",
            "traversed": true,
            "value": 898.7626699924458
        },
        {
            "link_id": "L_03_04",
            "traversed": true,
            "value": 856.1029150127756
        },
        {
            "link_id": "L_04_05",
            "traversed": true,
            "value": 936.5889036001083
        },
        {
            "link_id": "L_05_06",
            "traversed": true,
            "value": 874.2741061909544
        },
        {
            "link_id": "L_06_07",
            "traversed": true,
            "value": 816.6296352171092
        },
        {
            "link_id": "L_07_08",
            "traversed": true,
            "value": 888.2232721766309
        }
    ]
}