{
    "run_info": {
        "run_id": "SET4-R16-2E5012",
        "graph_id": "GRAPH_57",
        "status": "SUCCESS",
        "total_ms": 1326,
        "timestamp": "2026-01-31T12:06:46.918687"
    },
    "execution_trace": [
        {
            "step": 1,
            "block_id": "B_FILTER_00",
            "class": "Filter",
            "duration_ms": 300,
            "input": {
                "raw": 539.7770309676364
            },
            "output": {
                "raw": 571.0796455766341
            },
            "triggered_links": [
                "L_00_01"
            ]
        },
        {
            "step": 2,
            "block_id": "B_WRITEVAR_01",
            "class": "WriteVar",
            "duration_ms": 12,
            "input": {
                "raw": 571.0796455766341
            },
            "output": {
                "raw": 553.393309945564
            },
            "triggered_links": [
                "L_01_02"
            ]
        },
        {
            "step": 3,
            "block_id": "B_MULTIPLY_02",
            "class": "Multiply",
            "duration_ms": 14,
            "input": {
                "raw": 553.393309945564
            },
            "output": {
                "raw": 597.0134127548207
            },
            "triggered_links": [
                "L_02_03"
            ]
        },
        {
            "step": 4,
            "block_id": "B_WRITEVAR_03",
            "class": "WriteVar",
            "duration_ms": 8,
            "input": {
                "raw": 597.0134127548207
            },
            "output": {
                "raw": 644.5349519679258
            },
            "triggered_links": [
                "L_03_04"
            ]
        },
        {
            "step": 5,
            "block_id": "B_FILTER_04",
            "class": "Filter",
            "duration_ms": 3,
            "input": {
                "raw": 644.5349519679258
            },
            "output": {
                "raw": 583.6172520976382
            },
            "triggered_links": [
                "L_04_05"
            ]
        },
        {
            "step": 6,
            "block_id": "B_EXTERNALCALL_05",
            "class": "ExternalCall",
            "duration_ms": 954,
            "input": {
                "raw": 583.6172520976382
            },
            "output": {
                "raw": 614.5791100357566
            },
            "triggered_links": [
                "L_05_06"
            ]
        },
        {
            "step": 7,
            "block_id": "B_IF_06",
            "class": "If",
            "duration_ms": 3,
            "input": {
                "raw": 614.5791100357566
            },
            "output": {
                "raw": 649.4877113338899
            },
            "triggered_links": [
                "L_06_07"
            ]
        },
        {
            "step": 8,
            "block_id": "B_EXTERNALCALL_07",
            "class": "ExternalCall",
            "duration_ms": 32,
            "input": {
                "raw": 649.4877113338899
            },
            "output": {
                "raw": 596.3173029199886
            },
            "triggered_links": []
        }
    ],
    "link_data": [
        {
            "link_id": "L_00_01",
            "traversed": true,
            "value": 571.0796455766341
        },
        {
            "link_id": "L_01_02",
            "traversed": true,
            "value": 553.393309945564
        },
        {
            "link_id": "L_02_03",
            "traversed": true,
            "value": 597.0134127548207
        },
        {
            "link_id": "L_03_04",
            "traversed": true,
            "value": 644.5349519679258
        },
        {
            "link_id": "L_04_05",
            "traversed": true,
            "value": 583.6172520976382
        },
        {
            "link_id": "L_05_06",
            "traversed": true,
            "value": 614.5791100357566
        },
        {
            "link_id": "L_06_07",
            "traversed": true,
            "value": 649.4877113338899
        }
    ]
}