{
    "run_info": {
        "run_id": "SET4-R09-CF2470",
        "graph_id": "GRAPH_72",
        "status": "SUCCESS",
        "total_ms": 126,
        "timestamp": "2026-02-06T18:06:46.914221"
    },
    "execution_trace": [
        {
            "step": 1,
            "block_id": "B_MULTIPLY_00",
            "class": "Multiply",
            "duration_ms": 19,
            "input": {
                "raw": 808.169452559805
            },
            "output": {
                "raw": 881.1857122468957
            },
            "triggered_links": [
                "L_00_01"
            ]
        },
        {
            "step": 2,
            "block_id": "B_IF_01",
            "class": "If",
            "duration_ms": 7,
            "input": {
                "raw": 881.1857122468957
            },
            "output": {
                "raw": 912.6832290063385
            },
            "triggered_links": [
                "L_01_02"
            ]
        },
        {
            "step": 3,
            "block_id": "B_MULTIPLY_02",
            "class": "Multiply",
            "duration_ms": 18,
            "input": {
                "raw": 912.6832290063385
            },
            "output": {
                "raw": 972.6543083208373
            },
            "triggered_links": [
                "L_02_03"
            ]
        },
        {
            "step": 4,
            "block_id": "B_TRANSFORMER_03",
            "class": "Transformer",
            "duration_ms": 38,
            "input": {
                "raw": 972.6543083208373
            },
            "output": {
                "raw": 981.2517542168576
            },
            "triggered_links": [
                "L_03_04"
            ]
        },
        {
            "step": 5,
            "block_id": "B_IF_04",
            "class": "If",
            "duration_ms": 3,
            "input": {
                "raw": 981.2517542168576
            },
            "output": {
                "raw": 919.8775427345281
            },
            "triggered_links": [
                "L_04_05"
            ]
        },
        {
            "step": 6,
            "block_id": "B_WRITEVAR_05",
            "class": "WriteVar",
            "duration_ms": 6,
            "input": {
                "raw": 919.8775427345281
            },
            "output": {
                "raw": 882.4731807045995
            },
            "triggered_links": [
                "L_05_06"
            ]
        },
        {
            "step": 7,
            "block_id": "B_MULTIPLY_06",
            "class": "Multiply",
            "duration_ms": 11,
            "input": {
                "raw": 882.4731807045995
            },
            "output": {
                "raw": 803.6978673626481
            },
            "triggered_links": [
                "L_06_07"
            ]
        },
        {
            "step": 8,
            "block_id": "B_FILTER_07",
            "class": "Filter",
            "duration_ms": 24,
            "input": {
                "raw": 803.6978673626481
            },
            "output": {
                "raw": 778.9486443820224
            },
            "triggered_links": []
        }
    ],
    "link_data": [
        {
            "link_id": "L_00_01",
            "traversed": true,
            "value": 881.1857122468957
        },
        {
            "link_id": "L_01_02",
            "traversed": true,
            "value": 912.6832290063385
        },
        {
            "link_id": "L_02_03",
            "traversed": true,
            "value": 972.6543083208373
        },
        {
            "link_id": "L_03_04",
            "traversed": true,
            "value": 981.2517542168576
        },
        {
            "link_id": "L_04_05",
            "traversed": true,
            "value": 919.8775427345281
        },
        {
            "link_id": "L_05_06",
            "traversed": true,
            "value": 882.4731807045995
        },
        {
            "link_id": "L_06_07",
            "traversed": true,
            "value": 803.6978673626481
        }
    ]
}