{
    "run_info": {
        "run_id": "SET3-R38-E5FCB7",
        "graph_id": "GRAPH_67",
        "status": "SUCCESS",
        "total_ms": 8077,
        "timestamp": "2026-02-16T00:06:46.900513"
    },
    "execution_trace": [
        {
            "step": 1,
            "block_id": "B_AGGREGATE_00",
            "class": "Aggregate",
            "duration_ms": 6014,
            "input": {
                "raw": 191.09117108277096
            },
            "output": {
                "raw": 191.90065886634173
            },
            "triggered_links": [
                "L_00_01"
            ]
        },
        {
            "step": 2,
            "block_id": "B_VALIDATOR_01",
            "class": "Validator",
            "duration_ms": 51,
            "input": {
                "raw": 191.90065886634173
            },
            "output": {
                "raw": 180.5451331401701
            },
            "triggered_links": [
                "L_01_02"
            ]
        },
        {
            "step": 3,
            "block_id": "B_WRITEVAR_02",
            "class": "WriteVar",
            "duration_ms": 10,
            "input": {
                "raw": 180.5451331401701
            },
            "output": {
                "raw": 190.04291546204206
            },
            "triggered_links": [
                "L_02_03"
            ]
        },
        {
            "step": 4,
            "block_id": "B_AGGREGATE_03",
            "class": "Aggregate",
            "duration_ms": 1901,
            "input": {
                "raw": 190.04291546204206
            },
            "output": {
                "raw": 173.23246399190774
            },
            "triggered_links": [
                "L_03_04"
            ]
        },
        {
            "step": 5,
            "block_id": "B_TRANSFORMER_04",
            "class": "Transformer",
            "duration_ms": 31,
            "input": {
                "raw": 173.23246399190774
            },
            "output": {
                "raw": 169.3721512403698
            },
            "triggered_links": [
                "L_04_05"
            ]
        },
        {
            "step": 6,
            "block_id": "B_VALIDATOR_05",
            "class": "Validator",
            "duration_ms": 36,
            "input": {
                "raw": 169.3721512403698
            },
            "output": {
                "raw": 179.17206096654016
            },
            "triggered_links": [
                "L_05_06"
            ]
        },
        {
            "step": 7,
            "block_id": "B_DIVIDE_06",
            "class": "Divide",
            "duration_ms": 12,
            "input": {
                "raw": 179.17206096654016
            },
            "output": {
                "raw": 194.02060116823142
            },
            "triggered_links": [
                "L_06_07"
            ]
        },
        {
            "step": 8,
            "block_id": "B_VALIDATOR_07",
            "class": "Validator",
            "duration_ms": 22,
            "input": {
                "raw": 194.02060116823142
            },
            "output": {
                "raw": 184.65536074572887
            },
            "triggered_links": []
        }
    ],
    "link_data": [
        {
            "link_id": "L_00_01",
            "traversed": true,
            "value": 191.90065886634173
        },
        {
            "link_id": "L_01_02",
            "traversed": true,
            "value": 180.5451331401701
        },
        {
            "link_id": "L_02_03",
            "traversed": true,
            "value": 190.04291546204206
        },
        {
            "link_id": "L_03_04",
            "traversed": true,
            "value": 173.23246399190774
        },
        {
            "link_id": "L_04_05",
            "traversed": true,
            "value": 169.3721512403698
        },
        {
            "link_id": "L_05_06",
            "traversed": true,
            "value": 179.17206096654016
        },
        {
            "link_id": "L_06_07",
            "traversed": true,
            "value": 194.02060116823142
        }
    ]
}