{
    "run_info": {
        "run_id": "SET3-R03-979672",
        "graph_id": "GRAPH_34",
        "status": "SUCCESS",
        "total_ms": 4085,
        "timestamp": "2026-02-14T20:06:46.879148"
    },
    "execution_trace": [
        {
            "step": 1,
            "block_id": "B_VALIDATOR_00",
            "class": "Validator",
            "duration_ms": 12,
            "input": {
                "raw": 283.12116569400774
            },
            "output": {
                "raw": 275.9203828153088
            },
            "triggered_links": [
                "L_00_01"
            ]
        },
        {
            "step": 2,
            "block_id": "B_TRANSFORMER_01",
            "class": "Transformer",
            "duration_ms": 27,
            "input": {
                "raw": 275.9203828153088
            },
            "output": {
                "raw": 282.64216092263365
            },
            "triggered_links": [
                "L_01_02"
            ]
        },
        {
            "step": 3,
            "block_id": "B_READVAR_02",
            "class": "ReadVar",
            "duration_ms": 16,
            "input": {
                "raw": 282.64216092263365
            },
            "output": {
                "raw": 301.8115707262876
            },
            "triggered_links": [
                "L_02_03"
            ]
        },
        {
            "step": 4,
            "block_id": "B_WRITEVAR_03",
            "class": "WriteVar",
            "duration_ms": 7,
            "input": {
                "raw": 301.8115707262876
            },
            "output": {
                "raw": 321.59083894593914
            },
            "triggered_links": [
                "L_03_04"
            ]
        },
        {
            "step": 5,
            "block_id": "B_EXTERNALCALL_04",
            "class": "ExternalCall",
            "duration_ms": 2452,
            "input": {
                "raw": 321.59083894593914
            },
            "output": {
                "raw": 320.1820262176718
            },
            "triggered_links": [
                "L_04_05"
            ]
        },
        {
            "step": 6,
            "block_id": "B_WRITEVAR_05",
            "class": "WriteVar",
            "duration_ms": 12,
            "input": {
                "raw": 320.1820262176718
            },
            "output": {
                "raw": 304.61342772378214
            },
            "triggered_links": [
                "L_05_06"
            ]
        },
        {
            "step": 7,
            "block_id": "B_AGGREGATE_06",
            "class": "Aggregate",
            "duration_ms": 1559,
            "input": {
                "raw": 304.61342772378214
            },
            "output": {
                "raw": 314.0797509040575
            },
            "triggered_links": []
        }
    ],
    "link_data": [
        {
            "link_id": "L_00_01",
            "traversed": true,
            "value": 275.9203828153088
        },
        {
            "link_id": "L_01_02",
            "traversed": true,
            "value": 282.64216092263365
        },
        {
            "link_id": "L_02_03",
            "traversed": true,
            "value": 301.8115707262876
        },
        {
            "link_id": "L_03_04",
            "traversed": true,
            "value": 321.59083894593914
        },
        {
            "link_id": "L_04_05",
            "traversed": true,
            "value": 320.1820262176718
        },
        {
            "link_id": "L_05_06",
            "traversed": true,
            "value": 304.61342772378214
        }
    ]
}