{
    "run_info": {
        "run_id": "SET3-R04-6432D2",
        "graph_id": "GRAPH_78",
        "status": "SUCCESS",
        "total_ms": 295,
        "timestamp": "2026-02-11T21:06:46.879816"
    },
    "execution_trace": [
        {
            "step": 1,
            "block_id": "B_FILTER_00",
            "class": "Filter",
            "duration_ms": 16,
            "input": {
                "raw": 749.1335004933974
            },
            "output": {
                "raw": 791.4280463625745
            },
            "triggered_links": [
                "L_00_01"
            ]
        },
        {
            "step": 2,
            "block_id": "B_IF_01",
            "class": "If",
            "duration_ms": 5,
            "input": {
                "raw": 791.4280463625745
            },
            "output": {
                "raw": 708.6784835335036
            },
            "triggered_links": [
                "L_01_02"
            ]
        },
        {
            "step": 3,
            "block_id": "B_WRITEVAR_02",
            "class": "WriteVar",
            "duration_ms": 126,
            "input": {
                "raw": 708.6784835335036
            },
            "output": {
                "raw": 732.8170009495514
            },
            "triggered_links": [
                "L_02_03"
            ]
        },
        {
            "step": 4,
            "block_id": "B_VALIDATOR_03",
            "class": "Validator",
            "duration_ms": 34,
            "input": {
                "raw": 732.8170009495514
            },
            "output": {
                "raw": 699.9949638215944
            },
            "triggered_links": [
                "L_03_04"
            ]
        },
        {
            "step": 5,
            "block_id": "B_MULTIPLY_04",
            "class": "Multiply",
            "duration_ms": 13,
            "input": {
                "raw": 699.9949638215944
            },
            "output": {
                "raw": 697.9779478733229
            },
            "triggered_links": [
                "L_04_05"
            ]
        },
        {
            "step": 6,
            "block_id": "B_FILTER_05",
            "class": "Filter",
            "duration_ms": 17,
            "input": {
                "raw": 697.9779478733229
            },
            "output": {
                "raw": 755.1143999421483
            },
            "triggered_links": [
                "L_05_06"
            ]
        },
        {
            "step": 7,
            "block_id": "B_FILTER_06",
            "class": "Filter",
            "duration_ms": 17,
            "input": {
                "raw": 755.1143999421483
            },
            "output": {
                "raw": 727.4352821672995
            },
            "triggered_links": [
                "L_06_07"
            ]
        },
        {
            "step": 8,
            "block_id": "B_VALIDATOR_07",
            "class": "Validator",
            "duration_ms": 12,
            "input": {
                "raw": 727.4352821672995
            },
            "output": {
                "raw": 731.5650573964002
            },
            "triggered_links": [
                "L_07_08"
            ]
        },
        {
            "step": 9,
            "block_id": "B_WRITEVAR_08",
            "class": "WriteVar",
            "duration_ms": 11,
            "input": {
                "raw": 731.5650573964002
            },
            "output": {
                "raw": 670.2129178975179
            },
            "triggered_links": [
                "L_08_09"
            ]
        },
        {
            "step": 10,
            "block_id": "B_TRANSFORMER_09",
            "class": "Transformer",
            "duration_ms": 28,
            "input": {
                "raw": 670.2129178975179
            },
            "output": {
                "raw": 714.7202843225944
            },
            "triggered_links": [
                "L_09_10"
            ]
        },
        {
            "step": 11,
            "block_id": "B_TRANSFORMER_10",
            "class": "Transformer",
            "duration_ms": 16,
            "input": {
                "raw": 714.7202843225944
            },
            "output": {
                "raw": 678.2383951644947
            },
            "triggered_links": []
        }
    ],
    "link_data": [
        {
            "link_id": "L_00_01",
            "traversed": true,
            "value": 791.4280463625745
        },
        {
            "link_id": "L_01_02",
            "traversed": true,
            "value": 708.6784835335036
        },
        {
            "link_id": "L_02_03",
            "traversed": true,
            "value": 732.8170009495514
        },
        {
            "link_id": "L_03_04",
            "traversed": true,
            "value": 699.9949638215944
        },
        {
            "link_id": "L_04_05",
            "traversed": true,
            "value": 697.9779478733229
        },
        {
            "link_id": "L_05_06",
            "traversed": true,
            "value": 755.1143999421483
        },
        {
            "link_id": "L_06_07",
            "traversed": true,
            "value": 727.4352821672995
        },
        {
            "link_id": "L_07_08",
            "traversed": true,
            "value": 731.5650573964002
        },
        {
            "link_id": "L_08_09",
            "traversed": true,
            "value": 670.2129178975179
        },
        {
            "link_id": "L_09_10",
            "traversed": true,
            "value": 714.7202843225944
        }
    ]
}