{
    "run_info": {
        "run_id": "SET3-R36-B89B5A",
        "graph_id": "GRAPH_82",
        "status": "SUCCESS",
        "total_ms": 8813,
        "timestamp": "2026-02-03T21:06:46.898973"
    },
    "execution_trace": [
        {
            "step": 1,
            "block_id": "B_AGGREGATE_00",
            "class": "Aggregate",
            "duration_ms": 4755,
            "input": {
                "raw": 7.3246414711907075
            },
            "output": {
                "raw": 4.329538099310591
            },
            "triggered_links": [
                "L_00_01"
            ]
        },
        {
            "step": 2,
            "block_id": "B_AGGREGATE_01",
            "class": "Aggregate",
            "duration_ms": 1336,
            "input": {
                "raw": 4.329538099310591
            },
            "output": {
                "raw": 5.157522545205583
            },
            "triggered_links": [
                "L_01_02"
            ]
        },
        {
            "step": 3,
            "block_id": "B_WRITEVAR_02",
            "class": "WriteVar",
            "duration_ms": 4,
            "input": {
                "raw": 5.157522545205583
            },
            "output": {
                "raw": 0.5425376459989426
            },
            "triggered_links": [
                "L_02_03"
            ]
        },
        {
            "step": 4,
            "block_id": "B_AGGREGATE_03",
            "class": "Aggregate",
            "duration_ms": 1050,
            "input": {
                "raw": 0.5425376459989426
            },
            "output": {
                "raw": 1.8053898974855858
            },
            "triggered_links": [
                "L_03_04"
            ]
        },
        {
            "step": 5,
            "block_id": "B_WRITEVAR_04",
            "class": "WriteVar",
            "duration_ms": 7,
            "input": {
                "raw": 1.8053898974855858
            },
            "output": {
                "raw": -2.5875824506879055
            },
            "triggered_links": [
                "L_04_05"
            ]
        },
        {
            "step": 6,
            "block_id": "B_EXTERNALCALL_05",
            "class": "ExternalCall",
            "duration_ms": 1575,
            "input": {
                "raw": -2.5875824506879055
            },
            "output": {
                "raw": -4.94094467777569
            },
            "triggered_links": [
                "L_05_06"
            ]
        },
        {
            "step": 7,
            "block_id": "B_WRITEVAR_06",
            "class": "WriteVar",
            "duration_ms": 2,
            "input": {
                "raw": -4.94094467777569
            },
            "output": {
                "raw": -0.21289774191089883
            },
            "triggered_links": [
                "L_06_07"
            ]
        },
        {
            "step": 8,
            "block_id": "B_READVAR_07",
            "class": "ReadVar",
            "duration_ms": 7,
            "input": {
                "raw": -0.21289774191089883
            },
            "output": {
                "raw": 1.7492286127752648
            },
            "triggered_links": [
                "L_07_08"
            ]
        },
        {
            "step": 9,
            "block_id": "B_VALIDATOR_08",
            "class": "Validator",
            "duration_ms": 22,
            "input": {
                "raw": 1.7492286127752648
            },
            "output": {
                "raw": 2.1640598210742024
            },
            "triggered_links": [
                "L_08_09"
            ]
        },
        {
            "step": 10,
            "block_id": "B_MULTIPLY_09",
            "class": "Multiply",
            "duration_ms": 20,
            "input": {
                "raw": 2.1640598210742024
            },
            "output": {
                "raw": 0.32693782327971554
            },
            "triggered_links": [
                "L_09_10"
            ]
        },
        {
            "step": 11,
            "block_id": "B_MULTIPLY_10",
            "class": "Multiply",
            "duration_ms": 15,
            "input": {
                "raw": 0.32693782327971554
            },
            "output": {
                "raw": 4.8808070989333245
            },
            "triggered_links": [
                "L_10_11"
            ]
        },
        {
            "step": 12,
            "block_id": "B_IF_11",
            "class": "If",
            "duration_ms": 6,
            "input": {
                "raw": 4.8808070989333245
            },
            "output": {
                "raw": 8.56188521335842
            },
            "triggered_links": [
                "L_11_12"
            ]
        },
        {
            "step": 13,
            "block_id": "B_DIVIDE_12",
            "class": "Divide",
            "duration_ms": 14,
            "input": {
                "raw": 8.56188521335842
            },
            "output": {
                "raw": 12.666284203928925
            },
            "triggered_links": []
        }
    ],
    "link_data": [
        {
            "link_id": "L_00_01",
            "traversed": true,
            "value": 4.329538099310591
        },
        {
            "link_id": "L_01_02",
            "traversed": true,
            "value": 5.157522545205583
        },
        {
            "link_id": "L_02_03",
            "traversed": true,
            "value": 0.5425376459989426
        },
        {
            "link_id": "L_03_04",
            "traversed": true,
            "value": 1.8053898974855858
        },
        {
            "link_id": "L_04_05",
            "traversed": true,
            "value": -2.5875824506879055
        },
        {
            "link_id": "L_05_06",
            "traversed": true,
            "value": -4.94094467777569
        },
        {
            "link_id": "L_06_07",
            "traversed": true,
            "value": -0.21289774191089883
        },
        {
            "link_id": "L_07_08",
            "traversed": true,
            "value": 1.7492286127752648
        },
        {
            "link_id": "L_08_09",
            "traversed": true,
            "value": 2.1640598210742024
        },
        {
            "link_id": "L_09_10",
            "traversed": true,
            "value": 0.32693782327971554
        },
        {
            "link_id": "L_10_11",
            "traversed": true,
            "value": 4.8808070989333245
        },
        {
            "link_id": "L_11_12",
            "traversed": true,
            "value": 8.56188521335842
        }
    ]
}