{
    "run_info": {
        "run_id": "SET3-R22-086057",
        "graph_id": "GRAPH_56",
        "status": "ERROR",
        "total_ms": 7053,
        "timestamp": "2026-02-15T09:06:46.890462"
    },
    "execution_trace": [
        {
            "step": 1,
            "block_id": "B_DIVIDE_00",
            "class": "Divide",
            "duration_ms": 24,
            "input": {
                "raw": 823.5524805632367
            },
            "output": {
                "raw": 774.5109048279945
            },
            "triggered_links": [
                "L_00_01"
            ]
        },
        {
            "step": 2,
            "block_id": "B_VALIDATOR_01",
            "class": "Validator",
            "duration_ms": 38,
            "input": {
                "raw": 774.5109048279945
            },
            "output": {
                "raw": 796.3426159840393
            },
            "triggered_links": [
                "L_01_02"
            ]
        },
        {
            "step": 3,
            "block_id": "B_AGGREGATE_02",
            "class": "Aggregate",
            "duration_ms": 5397,
            "input": {
                "raw": 796.3426159840393
            },
            "output": {
                "raw": 769.2900895839105
            },
            "triggered_links": [
                "L_02_03"
            ]
        },
        {
            "step": 4,
            "block_id": "B_EXTERNALCALL_03",
            "class": "ExternalCall",
            "duration_ms": 1563,
            "input": {
                "raw": 769.2900895839105
            },
            "output": {
                "raw": 754.9840567340008
            },
            "triggered_links": [
                "L_03_04"
            ]
        },
        {
            "step": 5,
            "block_id": "B_DIVIDE_04",
            "class": "Divide",
            "duration_ms": 12,
            "input": {
                "raw": 754.9840567340008
            },
            "output": {
                "raw": 768.6179605662819
            },
            "triggered_links": [
                "L_04_05"
            ]
        },
        {
            "step": 6,
            "block_id": "B_DIVIDE_05",
            "class": "Divide",
            "duration_ms": 19,
            "input": {
                "raw": 768.6179605662819
            },
            "output": {
                "raw": 811.247759755373
            },
            "triggered_links": []
        }
    ],
    "link_data": [
        {
            "link_id": "L_00_01",
            "traversed": true,
            "value": 774.5109048279945
        },
        {
            "link_id": "L_01_02",
            "traversed": true,
            "value": 796.3426159840393
        },
        {
            "link_id": "L_02_03",
            "traversed": true,
            "value": 769.2900895839105
        },
        {
            "link_id": "L_03_04",
            "traversed": true,
            "value": 754.9840567340008
        },
        {
            "link_id": "L_04_05",
            "traversed": true,
            "value": 768.6179605662819
        }
    ]
}