{
    "run_info": {
        "run_id": "SET3-R11-F6F2CF",
        "graph_id": "GRAPH_89",
        "status": "SUCCESS",
        "total_ms": 20365,
        "timestamp": "2026-02-04T03:06:46.883854"
    },
    "execution_trace": [
        {
            "step": 1,
            "block_id": "B_EXTERNALCALL_00",
            "class": "ExternalCall",
            "duration_ms": 714,
            "input": {
                "raw": 416.31580087523395
            },
            "output": {
                "raw": 404.9419314982141
            },
            "triggered_links": [
                "L_00_01"
            ]
        },
        {
            "step": 2,
            "block_id": "B_AGGREGATE_01",
            "class": "Aggregate",
            "duration_ms": 4464,
            "input": {
                "raw": 404.9419314982141
            },
            "output": {
                "raw": 386.59551358693284
            },
            "triggered_links": [
                "L_01_02"
            ]
        },
        {
            "step": 3,
            "block_id": "B_DIVIDE_02",
            "class": "Divide",
            "duration_ms": 6,
            "input": {
                "raw": 386.59551358693284
            },
            "output": {
                "raw": 360.3370909345067
            },
            "triggered_links": [
                "L_02_03"
            ]
        },
        {
            "step": 4,
            "block_id": "B_VALIDATOR_03",
            "class": "Validator",
            "duration_ms": 32,
            "input": {
                "raw": 360.3370909345067
            },
            "output": {
                "raw": 382.2245558600718
            },
            "triggered_links": [
                "L_03_04"
            ]
        },
        {
            "step": 5,
            "block_id": "B_AGGREGATE_04",
            "class": "Aggregate",
            "duration_ms": 5372,
            "input": {
                "raw": 382.2245558600718
            },
            "output": {
                "raw": 408.80263893819597
            },
            "triggered_links": [
                "L_04_05"
            ]
        },
        {
            "step": 6,
            "block_id": "B_VALIDATOR_05",
            "class": "Validator",
            "duration_ms": 16,
            "input": {
                "raw": 408.80263893819597
            },
            "output": {
                "raw": 383.79749026811635
            },
            "triggered_links": [
                "L_05_06"
            ]
        },
        {
            "step": 7,
            "block_id": "B_WRITEVAR_06",
            "class": "WriteVar",
            "duration_ms": 4,
            "input": {
                "raw": 383.79749026811635
            },
            "output": {
                "raw": 376.81898931461046
            },
            "triggered_links": [
                "L_06_07"
            ]
        },
        {
            "step": 8,
            "block_id": "B_EXTERNALCALL_07",
            "class": "ExternalCall",
            "duration_ms": 1312,
            "input": {
                "raw": 376.81898931461046
            },
            "output": {
                "raw": 387.8276326493112
            },
            "triggered_links": [
                "L_07_08"
            ]
        },
        {
            "step": 9,
            "block_id": "B_AGGREGATE_08",
            "class": "Aggregate",
            "duration_ms": 5732,
            "input": {
                "raw": 387.8276326493112
            },
            "output": {
                "raw": 371.64346701367805
            },
            "triggered_links": [
                "L_08_09"
            ]
        },
        {
            "step": 10,
            "block_id": "B_AGGREGATE_09",
            "class": "Aggregate",
            "duration_ms": 2648,
            "input": {
                "raw": 371.64346701367805
            },
            "output": {
                "raw": 366.6673663573337
            },
            "triggered_links": [
                "L_09_10"
            ]
        },
        {
            "step": 11,
            "block_id": "B_TRANSFORMER_10",
            "class": "Transformer",
            "duration_ms": 44,
            "input": {
                "raw": 366.6673663573337
            },
            "output": {
                "raw": 354.84551838119853
            },
            "triggered_links": [
                "L_10_11"
            ]
        },
        {
            "step": 12,
            "block_id": "B_TRANSFORMER_11",
            "class": "Transformer",
            "duration_ms": 18,
            "input": {
                "raw": 354.84551838119853
            },
            "output": {
                "raw": 384.20356809477
            },
            "triggered_links": [
                "L_11_12"
            ]
        },
        {
            "step": 13,
            "block_id": "B_IF_12",
            "class": "If",
            "duration_ms": 3,
            "input": {
                "raw": 384.20356809477
            },
            "output": {
                "raw": 407.0936350695503
            },
            "triggered_links": []
        }
    ],
    "link_data": [
        {
            "link_id": "L_00_01",
            "traversed": true,
            "value": 404.9419314982141
        },
        {
            "link_id": "L_01_02",
            "traversed": true,
            "value": 386.59551358693284
        },
        {
            "link_id": "L_02_03",
            "traversed": true,
            "value": 360.3370909345067
        },
        {
            "link_id": "L_03_04",
            "traversed": true,
            "value": 382.2245558600718
        },
        {
            "link_id": "L_04_05",
            "traversed": true,
            "value": 408.80263893819597
        },
        {
            "link_id": "L_05_06",
            "traversed": true,
            "value": 383.79749026811635
        },
        {
            "link_id": "L_06_07",
            "traversed": true,
            "value": 376.81898931461046
        },
        {
            "link_id": "L_07_08",
            "traversed": true,
            "value": 387.8276326493112
        },
        {
            "link_id": "L_08_09",
            "traversed": true,
            "value": 371.64346701367805
        },
        {
            "link_id": "L_09_10",
            "traversed": true,
            "value": 366.6673663573337
        },
        {
            "link_id": "L_10_11",
            "traversed": true,
            "value": 354.84551838119853
        },
        {
            "link_id": "L_11_12",
            "traversed": true,
            "value": 384.20356809477
        }
    ]
}