{
    "run_info": {
        "run_id": "SET3-R45-1FD6CD",
        "graph_id": "GRAPH_92",
        "status": "SUCCESS",
        "total_ms": 14189,
        "timestamp": "2026-01-31T14:06:46.904875"
    },
    "execution_trace": [
        {
            "step": 1,
            "block_id": "B_MULTIPLY_00",
            "class": "Multiply",
            "duration_ms": 12,
            "input": {
                "raw": 727.270342738534
            },
            "output": {
                "raw": 676.6460272781085
            },
            "triggered_links": [
                "L_00_01"
            ]
        },
        {
            "step": 2,
            "block_id": "B_FILTER_01",
            "class": "Filter",
            "duration_ms": 21,
            "input": {
                "raw": 676.6460272781085
            },
            "output": {
                "raw": 617.4293076265735
            },
            "triggered_links": [
                "L_01_02"
            ]
        },
        {
            "step": 3,
            "block_id": "B_FILTER_02",
            "class": "Filter",
            "duration_ms": 8,
            "input": {
                "raw": 617.4293076265735
            },
            "output": {
                "raw": 567.4913991823881
            },
            "triggered_links": [
                "L_02_03"
            ]
        },
        {
            "step": 4,
            "block_id": "B_AGGREGATE_03",
            "class": "Aggregate",
            "duration_ms": 5724,
            "input": {
                "raw": 567.4913991823881
            },
            "output": {
                "raw": 549.7072055715101
            },
            "triggered_links": [
                "L_03_04"
            ]
        },
        {
            "step": 5,
            "block_id": "B_TRANSFORMER_04",
            "class": "Transformer",
            "duration_ms": 35,
            "input": {
                "raw": 549.7072055715101
            },
            "output": {
                "raw": 536.2130200780288
            },
            "triggered_links": [
                "L_04_05"
            ]
        },
        {
            "step": 6,
            "block_id": "B_TRANSFORMER_05",
            "class": "Transformer",
            "duration_ms": 6,
            "input": {
                "raw": 536.2130200780288
            },
            "output": {
                "raw": 484.88037752191775
            },
            "triggered_links": [
                "L_05_06"
            ]
        },
        {
            "step": 7,
            "block_id": "B_EXTERNALCALL_06",
            "class": "ExternalCall",
            "duration_ms": 1366,
            "input": {
                "raw": 484.88037752191775
            },
            "output": {
                "raw": 482.27851269491254
            },
            "triggered_links": [
                "L_06_07"
            ]
        },
        {
            "step": 8,
            "block_id": "B_MULTIPLY_07",
            "class": "Multiply",
            "duration_ms": 19,
            "input": {
                "raw": 482.27851269491254
            },
            "output": {
                "raw": 493.27941028724126
            },
            "triggered_links": [
                "L_07_08"
            ]
        },
        {
            "step": 9,
            "block_id": "B_AGGREGATE_08",
            "class": "Aggregate",
            "duration_ms": 4393,
            "input": {
                "raw": 493.27941028724126
            },
            "output": {
                "raw": 447.13024692287604
            },
            "triggered_links": [
                "L_08_09"
            ]
        },
        {
            "step": 10,
            "block_id": "B_MULTIPLY_09",
            "class": "Multiply",
            "duration_ms": 13,
            "input": {
                "raw": 447.13024692287604
            },
            "output": {
                "raw": 461.80533515364976
            },
            "triggered_links": [
                "L_09_10"
            ]
        },
        {
            "step": 11,
            "block_id": "B_WRITEVAR_10",
            "class": "WriteVar",
            "duration_ms": 2,
            "input": {
                "raw": 461.80533515364976
            },
            "output": {
                "raw": 444.88955959957735
            },
            "triggered_links": [
                "L_10_11"
            ]
        },
        {
            "step": 12,
            "block_id": "B_EXTERNALCALL_11",
            "class": "ExternalCall",
            "duration_ms": 2546,
            "input": {
                "raw": 444.88955959957735
            },
            "output": {
                "raw": 449.25304684108164
            },
            "triggered_links": [
                "L_11_12"
            ]
        },
        {
            "step": 13,
            "block_id": "B_MULTIPLY_12",
            "class": "Multiply",
            "duration_ms": 13,
            "input": {
                "raw": 449.25304684108164
            },
            "output": {
                "raw": 409.0335166831992
            },
            "triggered_links": [
                "L_12_13"
            ]
        },
        {
            "step": 14,
            "block_id": "B_TRANSFORMER_13",
            "class": "Transformer",
            "duration_ms": 31,
            "input": {
                "raw": 409.0335166831992
            },
            "output": {
                "raw": 411.98583828024823
            },
            "triggered_links": []
        }
    ],
    "link_data": [
        {
            "link_id": "L_00_01",
            "traversed": true,
            "value": 676.6460272781085
        },
        {
            "link_id": "L_01_02",
            "traversed": true,
            "value": 617.4293076265735
        },
        {
            "link_id": "L_02_03",
            "traversed": true,
            "value": 567.4913991823881
        },
        {
            "link_id": "L_03_04",
            "traversed": true,
            "value": 549.7072055715101
        },
        {
            "link_id": "L_04_05",
            "traversed": true,
            "value": 536.2130200780288
        },
        {
            "link_id": "L_05_06",
            "traversed": true,
            "value": 484.88037752191775
        },
        {
            "link_id": "L_06_07",
            "traversed": true,
            "value": 482.27851269491254
        },
        {
            "link_id": "L_07_08",
            "traversed": true,
            "value": 493.27941028724126
        },
        {
            "link_id": "L_08_09",
            "traversed": true,
            "value": 447.13024692287604
        },
        {
            "link_id": "L_09_10",
            "traversed": true,
            "value": 461.80533515364976
        },
        {
            "link_id": "L_10_11",
            "traversed": true,
            "value": 444.88955959957735
        },
        {
            "link_id": "L_11_12",
            "traversed": true,
            "value": 449.25304684108164
        },
        {
            "link_id": "L_12_13",
            "traversed": true,
            "value": 409.0335166831992
        }
    ]
}