{
    "run_info": {
        "run_id": "SET3-R30-A4FE76",
        "graph_id": "GRAPH_38",
        "status": "SUCCESS",
        "total_ms": 1122,
        "timestamp": "2026-02-09T23:06:46.895466"
    },
    "execution_trace": [
        {
            "step": 1,
            "block_id": "B_TRANSFORMER_00",
            "class": "Transformer",
            "duration_ms": 37,
            "input": {
                "raw": 143.5400731349373
            },
            "output": {
                "raw": 133.28394420892243
            },
            "triggered_links": [
                "L_00_01"
            ]
        },
        {
            "step": 2,
            "block_id": "B_MULTIPLY_01",
            "class": "Multiply",
            "duration_ms": 24,
            "input": {
                "raw": 133.28394420892243
            },
            "output": {
                "raw": 144.1314630704554
            },
            "triggered_links": [
                "L_01_02"
            ]
        },
        {
            "step": 3,
            "block_id": "B_VALIDATOR_02",
            "class": "Validator",
            "duration_ms": 7,
            "input": {
                "raw": 144.1314630704554
            },
            "output": {
                "raw": 133.3883646261038
            },
            "triggered_links": [
                "L_02_03"
            ]
        },
        {
            "step": 4,
            "block_id": "B_TRANSFORMER_03",
            "class": "Transformer",
            "duration_ms": 32,
            "input": {
                "raw": 133.3883646261038
            },
            "output": {
                "raw": 131.60454692545184
            },
            "triggered_links": [
                "L_03_04"
            ]
        },
        {
            "step": 5,
            "block_id": "B_EXTERNALCALL_04",
            "class": "ExternalCall",
            "duration_ms": 1011,
            "input": {
                "raw": 131.60454692545184
            },
            "output": {
                "raw": 122.65286046904532
            },
            "triggered_links": [
                "L_04_05"
            ]
        },
        {
            "step": 6,
            "block_id": "B_WRITEVAR_05",
            "class": "WriteVar",
            "duration_ms": 11,
            "input": {
                "raw": 122.65286046904532
            },
            "output": {
                "raw": 113.89959723574063
            },
            "triggered_links": []
        }
    ],
    "link_data": [
        {
            "link_id": "L_00_01",
            "traversed": true,
            "value": 133.28394420892243
        },
        {
            "link_id": "L_01_02",
            "traversed": true,
            "value": 144.1314630704554
        },
        {
            "link_id": "L_02_03",
            "traversed": true,
            "value": 133.3883646261038
        },
        {
            "link_id": "L_03_04",
            "traversed": true,
            "value": 131.60454692545184
        },
        {
            "link_id": "L_04_05",
            "traversed": true,
            "value": 122.65286046904532
        }
    ]
}