{
    "run_info": {
        "run_id": "SET3-R20-F13C34",
        "graph_id": "GRAPH_16",
        "status": "SUCCESS",
        "total_ms": 1524,
        "timestamp": "2026-02-08T03:06:46.889597"
    },
    "execution_trace": [
        {
            "step": 1,
            "block_id": "B_FILTER_00",
            "class": "Filter",
            "duration_ms": 16,
            "input": {
                "raw": 777.9777006182817
            },
            "output": {
                "raw": 819.3719250862368
            },
            "triggered_links": [
                "L_00_01"
            ]
        },
        {
            "step": 2,
            "block_id": "B_TRANSFORMER_01",
            "class": "Transformer",
            "duration_ms": 55,
            "input": {
                "raw": 819.3719250862368
            },
            "output": {
                "raw": 763.9031625655275
            },
            "triggered_links": [
                "L_01_02"
            ]
        },
        {
            "step": 3,
            "block_id": "B_VALIDATOR_02",
            "class": "Validator",
            "duration_ms": 1426,
            "input": {
                "raw": 763.9031625655275
            },
            "output": {
                "raw": 707.676060781097
            },
            "triggered_links": [
                "L_02_03"
            ]
        },
        {
            "step": 4,
            "block_id": "B_FILTER_03",
            "class": "Filter",
            "duration_ms": 27,
            "input": {
                "raw": 707.676060781097
            },
            "output": {
                "raw": 703.4187539764873
            },
            "triggered_links": []
        }
    ],
    "link_data": [
        {
            "link_id": "L_00_01",
            "traversed": true,
            "value": 819.3719250862368
        },
        {
            "link_id": "L_01_02",
            "traversed": true,
            "value": 763.9031625655275
        },
        {
            "link_id": "L_02_03",
            "traversed": true,
            "value": 707.676060781097
        }
    ]
}