{
    "run_info": {
        "run_id": "SET3-R39-F5681B",
        "graph_id": "GRAPH_50",
        "status": "SUCCESS",
        "total_ms": 2307,
        "timestamp": "2026-01-31T15:06:46.901113"
    },
    "execution_trace": [
        {
            "step": 1,
            "block_id": "B_IF_00",
            "class": "If",
            "duration_ms": 266,
            "input": {
                "raw": 899.4921203789193
            },
            "output": {
                "raw": 937.3662498955046
            },
            "triggered_links": [
                "L_00_01"
            ]
        },
        {
            "step": 2,
            "block_id": "B_IF_01",
            "class": "If",
            "duration_ms": 5,
            "input": {
                "raw": 937.3662498955046
            },
            "output": {
                "raw": 851.5414821076716
            },
            "triggered_links": [
                "L_01_02"
            ]
        },
        {
            "step": 3,
            "block_id": "B_MULTIPLY_02",
            "class": "Multiply",
            "duration_ms": 19,
            "input": {
                "raw": 851.5414821076716
            },
            "output": {
                "raw": 785.0500357865913
            },
            "triggered_links": [
                "L_02_03"
            ]
        },
        {
            "step": 4,
            "block_id": "B_MULTIPLY_03",
            "class": "Multiply",
            "duration_ms": 16,
            "input": {
                "raw": 785.0500357865913
            },
            "output": {
                "raw": 828.4621756845821
            },
            "triggered_links": [
                "L_03_04"
            ]
        },
        {
            "step": 5,
            "block_id": "B_WRITEVAR_04",
            "class": "WriteVar",
            "duration_ms": 7,
            "input": {
                "raw": 828.4621756845821
            },
            "output": {
                "raw": 757.0979402117385
            },
            "triggered_links": [
                "L_04_05"
            ]
        },
        {
            "step": 6,
            "block_id": "B_MULTIPLY_05",
            "class": "Multiply",
            "duration_ms": 17,
            "input": {
                "raw": 757.0979402117385
            },
            "output": {
                "raw": 817.346646092625
            },
            "triggered_links": [
                "L_05_06"
            ]
        },
        {
            "step": 7,
            "block_id": "B_MULTIPLY_06",
            "class": "Multiply",
            "duration_ms": 17,
            "input": {
                "raw": 817.346646092625
            },
            "output": {
                "raw": 775.6083809448372
            },
            "triggered_links": [
                "L_06_07"
            ]
        },
        {
            "step": 8,
            "block_id": "B_IF_07",
            "class": "If",
            "duration_ms": 6,
            "input": {
                "raw": 775.6083809448372
            },
            "output": {
                "raw": 850.3796712404003
            },
            "triggered_links": [
                "L_07_08"
            ]
        },
        {
            "step": 9,
            "block_id": "B_EXTERNALCALL_08",
            "class": "ExternalCall",
            "duration_ms": 1947,
            "input": {
                "raw": 850.3796712404003
            },
            "output": {
                "raw": 884.5827447583177
            },
            "triggered_links": [
                "L_08_09"
            ]
        },
        {
            "step": 10,
            "block_id": "B_IF_09",
            "class": "If",
            "duration_ms": 7,
            "input": {
                "raw": 884.5827447583177
            },
            "output": {
                "raw": 850.0334877160966
            },
            "triggered_links": []
        }
    ],
    "link_data": [
        {
            "link_id": "L_00_01",
            "traversed": true,
            "value": 937.3662498955046
        },
        {
            "link_id": "L_01_02",
            "traversed": true,
            "value": 851.5414821076716
        },
        {
            "link_id": "L_02_03",
            "traversed": true,
            "value": 785.0500357865913
        },
        {
            "link_id": "L_03_04",
            "traversed": true,
            "value": 828.4621756845821
        },
        {
            "link_id": "L_04_05",
            "traversed": true,
            "value": 757.0979402117385
        },
        {
            "link_id": "L_05_06",
            "traversed": true,
            "value": 817.346646092625
        },
        {
            "link_id": "L_06_07",
            "traversed": true,
            "value": 775.6083809448372
        },
        {
            "link_id": "L_07_08",
            "traversed": true,
            "value": 850.3796712404003
        },
        {
            "link_id": "L_08_09",
            "traversed": true,
            "value": 884.5827447583177
        }
    ]
}