{
    "run_info": {
        "run_id": "SET3-R33-B299C6",
        "graph_id": "GRAPH_60",
        "status": "ERROR",
        "total_ms": 2076,
        "timestamp": "2026-02-03T16:06:46.897317"
    },
    "execution_trace": [
        {
            "step": 1,
            "block_id": "B_VALIDATOR_00",
            "class": "Validator",
            "duration_ms": 13,
            "input": {
                "raw": 63.015255052761866
            },
            "output": {
                "raw": 55.80304393096991
            },
            "triggered_links": [
                "L_00_01"
            ]
        },
        {
            "step": 2,
            "block_id": "B_VALIDATOR_01",
            "class": "Validator",
            "duration_ms": 20,
            "input": {
                "raw": 55.80304393096991
            },
            "output": {
                "raw": 53.109750551080396
            },
            "triggered_links": [
                "L_01_02"
            ]
        },
        {
            "step": 3,
            "block_id": "B_MULTIPLY_02",
            "class": "Multiply",
            "duration_ms": 6,
            "input": {
                "raw": 53.109750551080396
            },
            "output": {
                "raw": 53.198472156327846
            },
            "triggered_links": [
                "L_02_03"
            ]
        },
        {
            "step": 4,
            "block_id": "B_EXTERNALCALL_03",
            "class": "ExternalCall",
            "duration_ms": 1464,
            "input": {
                "raw": 53.198472156327846
            },
            "output": {
                "raw": 47.07699947259978
            },
            "triggered_links": [
                "L_03_04"
            ]
        },
        {
            "step": 5,
            "block_id": "B_WRITEVAR_04",
            "class": "WriteVar",
            "duration_ms": 480,
            "input": {
                "raw": 47.07699947259978
            },
            "output": {
                "raw": 42.21829680087329
            },
            "triggered_links": [
                "L_04_05"
            ]
        },
        {
            "step": 6,
            "block_id": "B_VALIDATOR_05",
            "class": "Validator",
            "duration_ms": 26,
            "input": {
                "raw": 42.21829680087329
            },
            "output": {
                "raw": 42.881415995765536
            },
            "triggered_links": [
                "L_05_06"
            ]
        },
        {
            "step": 7,
            "block_id": "B_VALIDATOR_06",
            "class": "Validator",
            "duration_ms": 30,
            "input": {
                "raw": 42.881415995765536
            },
            "output": {
                "raw": 47.8547118466127
            },
            "triggered_links": [
                "L_06_07"
            ]
        },
        {
            "step": 8,
            "block_id": "B_TRANSFORMER_07",
            "class": "Transformer",
            "duration_ms": 37,
            "input": {
                "raw": 47.8547118466127
            },
            "output": {
                "raw": 48.27163187475773
            },
            "triggered_links": []
        }
    ],
    "link_data": [
        {
            "link_id": "L_00_01",
            "traversed": true,
            "value": 55.80304393096991
        },
        {
            "link_id": "L_01_02",
            "traversed": true,
            "value": 53.109750551080396
        },
        {
            "link_id": "L_02_03",
            "traversed": true,
            "value": 53.198472156327846
        },
        {
            "link_id": "L_03_04",
            "traversed": true,
            "value": 47.07699947259978
        },
        {
            "link_id": "L_04_05",
            "traversed": true,
            "value": 42.21829680087329
        },
        {
            "link_id": "L_05_06",
            "traversed": true,
            "value": 42.881415995765536
        },
        {
            "link_id": "L_06_07",
            "traversed": true,
            "value": 47.8547118466127
        }
    ]
}