{
    "run_info": {
        "run_id": "SET3-R16-20B4D8",
        "graph_id": "GRAPH_95",
        "status": "SUCCESS",
        "total_ms": 4886,
        "timestamp": "2026-01-30T05:06:46.887242"
    },
    "execution_trace": [
        {
            "step": 1,
            "block_id": "B_FILTER_00",
            "class": "Filter",
            "duration_ms": 9,
            "input": {
                "raw": 485.834287354325
            },
            "output": {
                "raw": 434.95110896328134
            },
            "triggered_links": [
                "L_00_01"
            ]
        },
        {
            "step": 2,
            "block_id": "B_MULTIPLY_01",
            "class": "Multiply",
            "duration_ms": 10,
            "input": {
                "raw": 434.95110896328134
            },
            "output": {
                "raw": 449.8054461193541
            },
            "triggered_links": [
                "L_01_02"
            ]
        },
        {
            "step": 3,
            "block_id": "B_READVAR_02",
            "class": "ReadVar",
            "duration_ms": 9,
            "input": {
                "raw": 449.8054461193541
            },
            "output": {
                "raw": 451.8833172806832
            },
            "triggered_links": [
                "L_02_03"
            ]
        },
        {
            "step": 4,
            "block_id": "B_TRANSFORMER_03",
            "class": "Transformer",
            "duration_ms": 41,
            "input": {
                "raw": 451.8833172806832
            },
            "output": {
                "raw": 462.569349328818
            },
            "triggered_links": [
                "L_03_04"
            ]
        },
        {
            "step": 5,
            "block_id": "B_WRITEVAR_04",
            "class": "WriteVar",
            "duration_ms": 8,
            "input": {
                "raw": 462.569349328818
            },
            "output": {
                "raw": 505.8836904617107
            },
            "triggered_links": [
                "L_04_05"
            ]
        },
        {
            "step": 6,
            "block_id": "B_AGGREGATE_05",
            "class": "Aggregate",
            "duration_ms": 4638,
            "input": {
                "raw": 505.8836904617107
            },
            "output": {
                "raw": 529.1420081546978
            },
            "triggered_links": [
                "L_05_06"
            ]
        },
        {
            "step": 7,
            "block_id": "B_DIVIDE_06",
            "class": "Divide",
            "duration_ms": 20,
            "input": {
                "raw": 529.1420081546978
            },
            "output": {
                "raw": 542.0836502986381
            },
            "triggered_links": [
                "L_06_07"
            ]
        },
        {
            "step": 8,
            "block_id": "B_WRITEVAR_07",
            "class": "WriteVar",
            "duration_ms": 12,
            "input": {
                "raw": 542.0836502986381
            },
            "output": {
                "raw": 588.5001093867851
            },
            "triggered_links": [
                "L_07_08"
            ]
        },
        {
            "step": 9,
            "block_id": "B_EXTERNALCALL_08",
            "class": "ExternalCall",
            "duration_ms": 76,
            "input": {
                "raw": 588.5001093867851
            },
            "output": {
                "raw": 646.5910476766063
            },
            "triggered_links": [
                "L_08_09"
            ]
        },
        {
            "step": 10,
            "block_id": "B_FILTER_09",
            "class": "Filter",
            "duration_ms": 14,
            "input": {
                "raw": 646.5910476766063
            },
            "output": {
                "raw": 689.0990142645718
            },
            "triggered_links": [
                "L_09_10"
            ]
        },
        {
            "step": 11,
            "block_id": "B_FILTER_10",
            "class": "Filter",
            "duration_ms": 19,
            "input": {
                "raw": 689.0990142645718
            },
            "output": {
                "raw": 656.7641956208269
            },
            "triggered_links": [
                "L_10_11"
            ]
        },
        {
            "step": 12,
            "block_id": "B_TRANSFORMER_11",
            "class": "Transformer",
            "duration_ms": 30,
            "input": {
                "raw": 656.7641956208269
            },
            "output": {
                "raw": 682.4731492317155
            },
            "triggered_links": []
        }
    ],
    "link_data": [
        {
            "link_id": "L_00_01",
            "traversed": true,
            "value": 434.95110896328134
        },
        {
            "link_id": "L_01_02",
            "traversed": true,
            "value": 449.8054461193541
        },
        {
            "link_id": "L_02_03",
            "traversed": true,
            "value": 451.8833172806832
        },
        {
            "link_id": "L_03_04",
            "traversed": true,
            "value": 462.569349328818
        },
        {
            "link_id": "L_04_05",
            "traversed": true,
            "value": 505.8836904617107
        },
        {
            "link_id": "L_05_06",
            "traversed": true,
            "value": 529.1420081546978
        },
        {
            "link_id": "L_06_07",
            "traversed": true,
            "value": 542.0836502986381
        },
        {
            "link_id": "L_07_08",
            "traversed": true,
            "value": 588.5001093867851
        },
        {
            "link_id": "L_08_09",
            "traversed": true,
            "value": 646.5910476766063
        },
        {
            "link_id": "L_09_10",
            "traversed": true,
            "value": 689.0990142645718
        },
        {
            "link_id": "L_10_11",
            "traversed": true,
            "value": 656.7641956208269
        }
    ]
}